FanId,SourceFN,FirstName,LastName,Birthdate,Gender,Street,City,State,Country,PostalCode,Phone,Email
FAN-1029453,Abigail,Abigale,Torpie,1958-09-23,,566 Pine Lane,Manchester,England,UK,M1 4AE,,ATorpie226@gmail.com.uk
FAN-1031599,Abigail,Abbigail,Penkman,1986-10-08,,505  Cedar Rd,Riyadh,,Saudi Arabia,11543,(254) 3673461,APenkman172@gmail.com.sa
FAN-1051279,Abigail,Abigail,Boulton,1970-03-01,,202  Oak Ave,Tokyo,Tokyo,Japan,100-0001,(366) 4591707,Abigail.Boulton@mail.com.jp
FAN-1071081,Abigail,Abigale,Eagell,1987-11-22,Female,456 Maple Ave,Cairo,,Egypt,11519,,Abigail_Eagell@gmail.com.eg
FAN-1077692,Aiden,Ayden,Braune,1970-12-21,,404 Elm St,Rome,Lazio,Italy,118,,Aiden_Braune@yahoo.com.it
FAN-1080305,Aiden,Aidan,Walsom,1998-06-09,Male,404 Pine Ave,Istanbul,,Turkey,34110,,Aiden_Walsom@yahoo.com.tr
FAN-1118908,Aiden,Adan,Blaise,2000-12-26,Female,606  Birch St,Downtown,CA,United States,54321,,Aiden_Blaise@aol.com
FAN-1139477,Aiden,Ayden,Brownsey,1990-07-14,,432 Strawberry Court,Buenos Aires,Capital Federal,Argentina,C1067AAF,,ABrownsey112@yahoo.com.ar
FAN-1173911,Alexander,Alaxander,Bester,,,987 Willow Circle,Metro,NY,United States,10987,(942) 9682747,Alexander_Bester@hotmail.com
FAN-1175288,Alexander,Aleksander,Scotti,1963-06-19,Male,9201  Maple Avenue,Hamburg,Hamburg,Germany,20095,(896) 6362180,Alexander_Scotti@aol.com.de
FAN-1234078,Alexander,Alexander,Liccardi,1985-06-06,Female,123 Pine Avenue,Metropolis,CA,United States,10987,(986) 5719995,ALiccardi97@apple.com
FAN-1239497,Alexander,Alaxander,Pinchbeck,1958-08-09,Male,303 Pine Rd,Amsterdam,,Netherlands,1012 JS,,Alexander_Pinchbeck@hotmail.com.nl
FAN-1260526,Andrew,Andreas,Sogg,2002-03-04,Female,556  Cedar Avenue,Berlin,Berlin,Germany,10115,(741) 2678702,Andrew_Sogg@yahoo.com.de
FAN-1280995,Andrew,Andre,Daftor,1993-09-10,Female,1121 Elm Road,Hometown,TX,United States,23456,(363) 9001557,ADaftor150@yahoo.com
FAN-1290448,Andrew,Andrey,Bosden,,Female,123  Main Street,Zone,NY,United States,87654,(638) 5866372,Andrew.Bosden@mail.com
FAN-1291177,Andrew,Andrey,holmes,,,1212 Orange St,Budapest,Budapest,Hungary,1051,(468) 6179999,Andrew_holmes@hotmail.com.hu
FAN-1293049,Benjamin,Benjamen,Harower,1995-08-18,Female,321 Lemon Avenue,Berlin,Berlin,Germany,10117,(491) 3867557,BHarower33@yahoo.com.de
FAN-1293887,Benjamin,Ben,Van den Hof,1962-09-12,Female,303 Willow St,Athens,,Greece,105 64,(451) 7563277,Benjamin_VandenHof@aol.com.gr
FAN-1306732,Benjamin,Benjamen,Warde,1995-08-22,Female,900 Pine Road,Los Angeles,CA,USA,90001,(642) 4722416,BWarde149@yahoo.com
FAN-1363046,Benjamin,Benjamin,Swane,,Female,456 Oak Avenue,Somewhere,TX,United States,67890,,BSwane247@gmail.com
FAN-1372955,Chloe,Chloe,Duffin,1963-07-11,,101  Pine St,Paris,,France,75001,(508) 8093958,Chloe_Duffin@yahoo.com.fr
FAN-1389636,Chloe,Khloe,Baxstar,,,890 Cherry Lane,Buenos Aires,Capital Federal,Argentina,C1107AAA,(505) 1494406,Chloe_Baxstar@hotmail.com.ar
FAN-1394118,Chloe,Chloe,Baynton,1979-04-12,Female,334 Pine Street,Manchester,England,UK,M1 4AE,(306) 9283797,Chloe_Baynton@gmail.com.uk
FAN-1411626,Chloe,Cloe,Guinan,1962-02-15,Male,808  Elm St,Brussels,,Belgium,1000,(105) 8869814,Chloe_Guinan@yahoo.com.be
FAN-1447620,Christopher,Christopher,Myall,2000-04-30,Female,677 Oak Drive,Liverpool,England,UK,L3 5TR,(765) 7972316,Christopher_Myall@gmail.com.uk
FAN-1502535,Christopher,Christophe,Gook,1972-08-30,,5050 Coconut St,London,England,United Kingdom,W1A 1AA,(254) 4338665,CGook166@outlook.com.uk
FAN-1509417,Christopher,Christophe,Magee,,Male,456  Orange Court,Paris,Ile-de-France,France,75001,(299) 3538840,CMagee91@gmail.com.fr
FAN-1525316,Christopher,Christophe,Atack,1967-06-12,Nonbinary,4151 Redwood Avenue,Villageville,CA,United States,54321,(188) 1084030,Christopher_Atack@yahoo.com
FAN-1543489,Daniel,Danial,Dikels,2003-10-17,Female,1121 Elm Avenue,Civic,TX,United States,10987,(555) 7530785,Daniel_Dikels@yahoo.com
FAN-1545374,Daniel,Dan,Bilbrook,1969-03-05,Male,566  Pine Lane,Metro,NY,United States,10987,(932) 5545246,DBilbrook141@outlook.com
FAN-1545810,Daniel,Daniell,Hankey,1996-09-30,,135  Redwood Blvd,Buenos Aires,Capital Federal,Argentina,C1067AAF,,DHankey56@apple.com.ar
FAN-1570540,Daniel,Danial,Purbrick,2004-05-17,Male,1717 Blueberry St,Athens,Attica,Greece,105 64,(217) 2229216,DPurbrick96@outlook.com.gr
FAN-1577132,Elizabeth,Elisabeth,Filippov,1967-03-20,Female,765 Redwood Avenue,Mexico City,Ciudad de Mexico,Mexico,1000,(969) 6170903,Elizabeth_Filippov@hotmail.com.mx
FAN-1582928,Elizabeth,Elisabeth,Standeven,,Male,707 Willow Rd,Zurich,,Switzerland,8001,,EStandeven203@outlook.com.ch
FAN-1609646,Elizabeth,Elisabeth,Shirrell,1966-06-18,Male,987 Pine Road,Vancouver,BC,Canada,V6B 4Y8,(251) 7196186,Elizabeth_Shirrell@hotmail.com.ca
FAN-1613492,Elizabeth,Elisabeth,Vedenyapin,1986-05-09,Male,808 Maple Rd,Mexico City,,Mexico,6010,(540) 5215116,Elizabeth_Vedenyapin@yahoo.com.mx
FAN-1654512,Emily,Amelie,Cessford,,Male,5161 Birch Road,District,NY,United States,23456,(616) 9189539,ECessford127@apple.com
FAN-1690386,Emily,Amelie,Josephi,1969-03-09,,321 Fig Lane,Madrid,Community of Madrid,Spain,28005,(497) 4570129,Emily_Josephi@yahoo.com.es
FAN-1700571,Emily,Amelie,Vallery,1984-07-13,Male,9101  Pine Court,Seoul,,South Korea,4526,(992) 8650466,Emily_Vallery@hotmail.com.kr
FAN-1733338,Emily,Emily,Melladew,,Female,235  Elm Lane,Vancouver,BC,Canada,V6B 4Y8,(526) 1747348,Emily_Melladew@aol.com.ca
FAN-1747986,Emma,Ema,Pitson,1973-03-13,Male,5161 Birch Lane,Countryside,TX,United States,10987,(967) 7300547,Emma_Pitson@aol.com
FAN-1773000,Emma,Emmah,Lydden,1972-02-17,Female,445 Oak Road,Liverpool,England,UK,L3 5TR,(350) 1940662,ELydden182@gmail.com.uk
FAN-1793957,Emma,Emma,Brunsen,1976-03-17,Female,819 Cedar Avenue,Quadrant,CA,United States,56789,(770) 5490181,Emma_Brunsen@yahoo.com
FAN-1794102,Emma,Ema,Stritton,1966-03-28,Male,516 Birch Street,Precinct,TX,United States,23456,(156) 1361277,Emma.Stritton@mail.com
FAN-1797243,Ethan,Ethan,Grigolon,1981-06-01,Male,456 Cedar St,Osaka,,Japan,530-0001,(945) 8328249,Ethan_Grigolon@hotmail.com.jp
FAN-1799995,Ethan,Eitan,Legge,1961-08-26,Nonbinary,4646  Papaya St,Paris,Ile-de-France,France,75003,(245) 9528510,ELegge105@yahoo.com.fr
FAN-1822456,Ethan,Ethan,Coggan,,,718  Willow Drive,Seoul,Seoul,South Korea,3142,(668) 6991676,Ethan_Coggan@aol.com.kr
FAN-1837426,Ethan,Eitan,Faragher,1996-04-06,Female,543 Berry Road,Lisbon,Lisbon,Portugal,1100-001,(628) 5653955,Ethan_Faragher@gmail.com.pt
FAN-1864252,Grace,Greys,Armit,,,680 Pine Avenue,Lyon,Auvergne-Rhône-Alpes,France,69001,(165) 7349933,GArmit156@gmail.com.fr
FAN-1868430,Grace,Greys,Gentzsch,1959-02-14,Female,4545  Avocado St,Warsaw,Masovian Voivodeship,Poland,00-001,,Grace_Gentzsch@hotmail.com.pl
FAN-1870592,Grace,Grayce,Netherclift,1983-03-04,,890  Cherry Lane,St. Petersburg,Leningrad Oblast,Russia,190000,,Grace_Netherclift@hotmail.com.ru
FAN-1876301,Grace,Grace,Nerheny,1998-10-20,,1919  Kiwi St,Vienna,Vienna,Austria,1010,,Grace_Nerheny@yahoo.com.at
FAN-1880545,Isabella,Isabela,Pearce,1966-11-25,,678  Peach Street,Lisbon,Lisbon,Portugal,1000-001,(529) 6093353,Isabella.Pearce@mail.com.pt
FAN-1881461,Isabella,Isabella,Braddick,1987-12-04,Female,9101 Pine Court,City Center,NY,United States,23456,,IBraddick112@yahoo.com
FAN-1888427,Isabella,Isabela,Sayre,,Nonbinary,789 Pine St,London,,United Kingdom,W1A 1AA,(301) 8406003,Isabella_Sayre@yahoo.com.uk
FAN-1891941,Isabella,Isabela,Hoyles,1998-05-07,Nonbinary,202 Elm St,London,,United Kingdom,EC1A 1BB,,Isabella_Hoyles@hotmail.com.uk
FAN-1896032,James,Jaymes,Busk,1980-01-16,Female,4040  Raspberry St,Barcelona,Catalonia,Spain,8001,(313) 4461218,JBusk41@gmail.com.es
FAN-1902015,James,Jaims,Dwire,1977-09-27,Female,909 Pine Ave,Oslo,,Norway,180,,James_Dwire@gmail.com.no
FAN-1910648,James,Jaims,Jaye,1984-08-07,Female,123  Main St,Lisbon,Lisbon,Portugal,1000-001,,James_Jaye@hotmail.com.pt
FAN-1914303,James,Jaymz,Harmes,1968-06-08,Female,789  Oakwood Avenue,Quadrant,CA,United States,23456,(608) 3982517,James_Harmes@yahoo.com
FAN-1927587,Joseph,Joseph,Reford,1989-02-11,Female,202  Elm Ln,St. Petersburg,Leningrad Oblast,Russia,190000,(947) 4318513,Joseph_Reford@yahoo.com.ru
FAN-1940543,Joseph,Josif,Yockley,,Female,654  Birch Lane,Urban,TX,United States,54321,(681) 5584204,Joseph_Yockley@yahoo.com
FAN-1949136,Joseph,Jozef,Batistelli,1975-05-13,,2424  Pineapple St,Barcelona,Catalonia,Spain,8001,,Joseph_Batistelli@gmail.com.es
FAN-1958740,Joseph,Josef,Siehard,1990-11-12,,246  Birch Court,London,England,United Kingdom,W1F 7ED,(518) 4975270,Joseph_Siehard@gmail.com.uk
FAN-1960402,Katherine,Katherine,Baitey,,Female,404 Birch Rd,Rome,,Italy,118,,KBaitey101@gmail.com.it
FAN-1960602,Katherine,Katherine,Gudge,1963-06-20,Nonbinary,456 Oak St,Los Angeles,CA,United States,90001,,KGudge3@yahoo.com
FAN-1972995,Katherine,Kathryn,Grubey,,Male,321  Fig Lane,Milan,Lombardy,Italy,20121,(457) 4555917,KGrubey152@apple.com.it
FAN-2010151,Katherine,Catherine,Rosenbaum,,Nonbinary,321 Birch Drive,Township,CA,United States,23456,(137) 1116683,Katherine_Rosenbaum@yahoo.com
FAN-2010771,Lily,Lilly,Kinchington,,Female,202 Elm Ln,Budapest,,Hungary,1051,,Lily.Kinchington@mail.com.hu
FAN-2011048,Lily,Lily,Camocke,1998-12-26,Female,901 Birch Road,Marseille,Provence-Alpes-Côte d'Azur,France,13001,(494) 4908572,Lily_Camocke@hotmail.com.fr
FAN-2092843,Lily,Lilly,Housbey,1965-08-11,,505  Cedar Ln,Block,CA,United States,87654,(156) 6653407,Lily_Housbey@aol.com
FAN-2128618,Lily,Lillie,Keech,1991-04-19,Male,3434 Papaya St,Athens,Attica,Greece,105 64,(989) 8660074,LKeech42@yahoo.com.gr
FAN-2139863,Madison,Madyson,Radnedge,,Male,3737  Pineapple St,Sao Paulo,Sao Paulo,Brazil,01310-100,(251) 7178162,MRadnedge192@outlook.com.br
FAN-2142178,Madison,Maddison,Cordeux,1963-05-04,Male,2323 Watermelon St,Bucharest,Bucharest,Romania,50711,(266) 3815019,Madison_Cordeux@aol.com.ro
FAN-2182093,Madison,Madisyn,Sayles,,Male,2525  Coconut St,Anywhere,NY,United States,87654,,MSayles30@outlook.com
FAN-2238347,Madison,Maddison,Whatling,1958-09-14,,123 Plum Avenue,Munich,Bavaria,Germany,80335,(927) 6236038,Madison_Whatling@hotmail.com.de
FAN-2244761,Matthew,Mateo,Ellesmere,1970-12-28,Female,654  Birch Lane,Madrid,Community of Madrid,Spain,28001,(218) 6847656,Matthew_Ellesmere@hotmail.com.es
FAN-2266113,Matthew,Matthieu,Parram,,Male,791 Oak Lane,Berlin,Berlin,Germany,10115,(287) 7391676,Matthew_Parram@hotmail.com.de
FAN-2267294,Matthew,Matthieu,Hammell,2008-12-30,,357 Maple Court,Liverpool,England,UK,L3 5TR,,MHammell89@gmail.com.uk
FAN-2285564,Matthew,Mateo,Cresswell,1989-02-04,Female,2727  Papaya St,Territory,TX,United States,56789,(397) 1914765,Matthew_Cresswell@yahoo.com
FAN-2285853,Michael,Michal,Kearn,1976-09-26,Female,1616  Raspberry St,Chicago,IL,USA,60601,(593) 3519465,Michael_Kearn@hotmail.com
FAN-2306653,Michael,Mikael,Spatoni,1973-12-24,Female,890 Cedar Street,Paris,Ile-de-France,France,75001,(467) 1632022,Michael_Spatoni@yahoo.com.fr
FAN-2319251,Michael,Michal,Kellen,1963-03-14,Female,4949  Pineapple St,Division,TX,United States,10987,(635) 1221795,MKellen139@apple.com
FAN-2373198,Michael,Mikael,Atling,1981-01-17,Male,899  Elm Street,Marseille,Provence-Alpes-Côte d'Azur,France,13001,(982) 7296685,MAtling62@apple.com.fr
FAN-2381532,Olivia,Alyvia,Fominov,1971-05-31,Female,123 Watermelon Street,Mexico City,Ciudad de Mexico,Mexico,6010,,OFominov146@yahoo.com.mx
FAN-2385979,Olivia,Alivia,Tiffin,1961-04-07,Nonbinary,123  Banana Road,Amsterdam,North Holland,Netherlands,1012 RJ,(283) 9891140,Olivia_Tiffin@hotmail.com.nl
FAN-2390444,Olivia,Olyvia,Collihole,,Female,789 Nectarine Way,Milan,Lombardy,Italy,20123,,Olivia_Collihole@yahoo.com.it
FAN-2410974,Olivia,Alivia,Calbert,1987-02-01,Male,606 Oak Ln,Riyadh,,Saudi Arabia,11543,(200) 8747309,Olivia.Calbert@mail.com.sa
FAN-2438043,Samuel,Samuell,Rawlings,,Male,112  Pine Lane,Rome,Lazio,Italy,118,,SRawlings113@yahoo.com.it
FAN-2453632,Samuel,Sam,Oxborough,1967-03-11,Female,909 Banana St,Prague,Prague,Czech Republic,110 00,(356) 9484182,Samuel_Oxborough@gmail.com.cz
FAN-2522326,Samuel,Samuell,Doby,2007-02-03,Female,303  Elm St,Milan,Lombardy,Italy,20121,(193) 8677731,Samuel.Doby@mail.com.it
FAN-2584299,Samuel,Sam,Styant,1986-11-26,Female,876  Coconut Court,Vienna,,Austria,1010,(825) 7705216,Samuel_Styant@aol.com.at
FAN-2585654,Sophia,Sofiya,Dreus,1994-10-20,Female,790 Birch Street,Amsterdam,North Holland,Netherlands,1012 WX,(815) 6689811,SDreus50@outlook.com.nl
FAN-2597100,Sophia,Sofiya,Van Dijk,1961-10-11,,468 Willow Lane,Everywhere,CA,United States,54321,(643) 4597933,Sophia_VanDijk@gmail.com
FAN-2602971,Sophia,Sofia,Kerridge,1969-07-06,Nonbinary,321  Elm Street,Region,NY,United States,56789,(486) 7305887,Sophia_Kerridge@yahoo.com
FAN-2609599,Sophia,Soffia,Laverty,1962-07-07,Female,234  Dragon Fruit Street,Lyon,Auvergne-Rhône-Alpes,France,69001,(569) 5641324,SLaverty207@yahoo.com.fr
FAN-2662467,William,Willem,Hischke,2006-05-29,,345  Oak Street,Mexico City,Ciudad de Mexico,Mexico,6010,(685) 6048935,William.Hischke@mail.com.mx
FAN-2677231,William,Willem,Johanchon,1962-01-25,Female,456  Oak St,Munich,Bavaria,Germany,80331,,William_Johanchon@hotmail.com.de
FAN-2697464,William,Will,Phython,,Female,3141 Cedar Lane,Uptown,CA,United States,56789,,WPhython90@gmail.com
FAN-2697595,William,Will,Sircomb,,,3232 Kiwi St,Amsterdam,North Holland,Netherlands,1012 RJ,(626) 4130239,WSircomb220@yahoo.com.nl
FAN-2720996,Abigail,Abigail,Riccetti,,,3030 Blueberry St,Milan,Lombardy,Italy,20121,(407) 8018716,ARiccetti238@apple.com.it
FAN-2741024,Abigail,Abbigail,Tyas,,,876 Coconut Court,Barcelona,Catalonia,Spain,8003,(153) 2999110,ATyas189@yahoo.com.es
FAN-2742716,Abigail,Abigale,Annett,1975-06-05,Female,3939  Mango St,Amsterdam,North Holland,Netherlands,1015 AB,(284) 2933583,Abigail_Annett@gmail.com.nl
FAN-2768906,Abigail,Abigail,Crabb,1985-07-24,Male,679  Maple Lane,Berlin,Berlin,Germany,10115,,Abigail_Crabb@hotmail.com.de
FAN-2792670,Aiden,Aiden,Christer,,Male,101 Pine St,Lisbon,Lisbon,Portugal,1000-001,(859) 2476173,Aiden.Christer@mail.com.pt
FAN-2799224,Aiden,Adan,Laffling,,Male,667 Elm Lane,Montreal,QC,Canada,H2X 1Y6,,Aiden.Laffling@mail.com.ca
FAN-2810948,Aiden,Aiden,Sartin,1997-10-28,,357  Maple Court,Outskirts,TX,United States,87654,,ASartin61@outlook.com
FAN-2811958,Aiden,Aiden,Cush,1998-12-18,Male,314  Cedar Way,Copenhagen,Capital Region,Denmark,1000,(680) 5747372,ACush230@outlook.com.dk
FAN-2815399,Alexander,Aleksander,McGinney,1964-05-31,Male,3838  Coconut St,Munich,Bavaria,Germany,80331,(423) 4321865,AMcGinney30@outlook.com.de
FAN-2873227,Alexander,Alexzander,Clarycott,,Male,789 Birch Ave,Warsaw,,Poland,00-001,(691) 4368923,Alexander_Clarycott@aol.com.pl
FAN-2912347,Alexander,Aleksander,Navan,1992-11-26,Male,912  Pine Drive,Belgrade,Belgrade,Serbia,11000,(982) 7267300,ANavan78@yahoo.com.rs
FAN-2934219,Alexander,Aleksander,Dempsey,1983-10-16,Male,011  Oak Drive,Seville,Andalusia,Spain,41001,(100) 1582729,ADempsey157@yahoo.com.es
FAN-2959449,Andrew,Andrey,Ickov,2000-01-18,,135  Cedar Drive,New York,NY,United States,10001,(870) 9383980,Andrew_Ickov@hotmail.com
FAN-3003222,Andrew,Andreas,Doby,1987-02-27,Female,456  Papaya Place,Civic,TX,United States,10987,(193) 8677731,Andrew_Doby@aol.com
FAN-3005348,Andrew,Andre,Luard,,Female,808 Pine Rd,Mexico City,,Mexico,6010,(311) 3215240,Andrew_Luard@aol.com.mx
FAN-3007236,Andrew,Andreas,Coton,1988-05-23,,543  Poplar Drive,Borough,NY,United States,43210,(924) 7928398,ACoton113@gmail.com
FAN-3014429,Benjamin,Benjamen,Douris,1985-10-17,Male,707  Pine Ave,Someplace,NY,United States,10987,(244) 6636937,BDouris96@yahoo.com
FAN-3033395,Benjamin,Benjamen,Badham,1995-10-18,Nonbinary,101 Pine Rd,Berlin,,Germany,10178,(693) 1460665,BBadham128@apple.com.de
FAN-3046129,Benjamin,Ben,Sherrocks,1962-07-08,Male,357 Aspen Way,Someplace,NY,United States,10987,(871) 5421207,Benjamin_Sherrocks@gmail.com
FAN-3076198,Benjamin,Ben,Wellsman,1999-07-27,,3141 Cedar Boulevard,Hamlet,NY,United States,87654,,Benjamin_Wellsman@hotmail.com
FAN-3084374,Chloe,Khloe,Beacham,1960-07-05,Male,233 Elm Road,Montreal,QC,Canada,H2X 1Y6,,Chloe_Beacham@yahoo.com.ca
FAN-3098704,Chloe,Cleo,Vest,1990-11-13,Female,123 Oak Rd,Copenhagen,,Denmark,1000,(491) 8448562,Chloe_Vest@hotmail.com.dk
FAN-3100350,Chloe,Khloe,Eagland,1965-08-15,Female,346  Pine Court,Chicago,IL,USA,60601,(835) 2576970,CEagland23@apple.com
FAN-3101105,Chloe,Khloe,Cloake,,,1919 Kiwi St,Barcelona,Catalonia,Spain,8001,(932) 8926913,Chloe_Cloake@yahoo.com.es
FAN-3152141,Christopher,Christopher,Buddleigh,1979-09-12,Male,456 Elm Road,Barcelona,Catalonia,Spain,8001,,Christopher_Buddleigh@hotmail.com.es
FAN-3187507,Christopher,Krystoffer,Screaton,,Female,1234 Pine Avenue,Locale,CA,United States,10987,(414) 6068537,CScreaton133@yahoo.com
FAN-3210151,Christopher,Christopher,Gartell,1982-11-15,,123  Main St,London,England,UK,W1A 1AA,(119) 5578188,CGartell231@outlook.com.uk
FAN-3248800,Christopher,Krystoffer,Eschelle,2009-10-04,Female,567  Starfruit Avenue,Bogotá,,Colombia,110321,(815) 3542494,Christopher_Eschelle@gmail.com.co
FAN-3312849,Daniel,Daniel,Breeton,2007-09-26,Male,987  Willow Circle,Manchester,England,UK,M1 4AE,(956) 2220953,DBreeton37@outlook.com.uk
FAN-3347106,Daniel,Daniel,Morphet,1963-04-09,Male,321  Pomegranate Lane,Brussels,Brussels,Belgium,1000,(765) 9535701,DMorphet84@gmail.com.be
FAN-3383275,Daniel,Danial,Le Strange,,Nonbinary,415  Willow Avenue,Amsterdam,North Holland,Netherlands,1012 WX,(718) 2144499,Daniel_LeStrange@gmail.com.nl
FAN-3386074,Daniel,Daniell,Vidler,,Male,2929  Strawberry St,Los Angeles,CA,USA,90001,,Daniel_Vidler@hotmail.com
FAN-3419281,Elizabeth,Elizabith,Tivnan,2007-10-12,Male,808 Elm St,Stockholm,,Sweden,11120,(743) 8609319,Elizabeth_Tivnan@hotmail.com.se
FAN-3421186,Elizabeth,Elizabith,Collecott,1970-07-31,Female,789 Maple Drive,London,England,United Kingdom,W1A 1AA,(153) 6068378,ECollecott48@outlook.com.uk
FAN-3433993,Elizabeth,Elizabith,Haville,1968-08-21,Male,4343  Blackberry St,Budapest,,Hungary,1051,,EHaville18@gmail.com.hu
FAN-3435455,Elizabeth,Elizabeth,Casham,1970-08-10,Male,4141  Strawberry St,Kuwait City,,Kuwait,13001,(277) 7506543,Elizabeth_Casham@hotmail.com.kw
FAN-3447873,Emily,Emmaleigh,Jereatt,1976-03-27,Female,987  Pine Road,Enclave,NY,United States,10987,(125) 8425214,Emily_Jereatt@yahoo.com
FAN-3453369,Emily,Emily,Filippov,1978-07-01,,122 Cedar Lane,Toronto,ON,Canada,M5H 2N2,(770) 2312860,Emily_Filippov@yahoo.com.ca
FAN-3454038,Emily,Emily,Perford,1966-03-27,Male,334  Pine Street,Metropolis,CA,United States,10987,,Emily.Perford@mail.com
FAN-3480833,Emily,Emmaleigh,Skipp,1983-04-29,Male,9201 Maple Avenue,Quadrant,CA,United States,23456,(683) 9620602,Emily_Skipp@hotmail.com
FAN-3503668,Emma,Ema,Lorie,1989-06-25,Nonbinary,123  Willow Ave,City Center,NY,United States,23456,,ELorie85@apple.com
FAN-3535469,Emma,Ema,Aslum,,,1121  Elm Avenue,Seoul,Seoul,South Korea,4347,,EAslum166@yahoo.com.kr
FAN-3540412,Emma,Emm,O'Roan,,Female,456  Oak Avenue,Neighborhood,TX,United States,87654,(745) 2719959,EO'Roan243@apple.com
FAN-3546849,Emma,Emm,Fretwell,,Male,3131  Blackberry St,Paris,Île-de-France,France,75001,,Emma_Fretwell@gmail.com.fr
FAN-3556696,Ethan,Ethen,McGarrie,1999-04-21,,123  Cedar Avenue,Paris,Ile-de-France,France,75001,(329) 9793519,EMcGarrie148@yahoo.com.fr
FAN-3563123,Ethan,Ethan,Smalley,2005-07-16,Male,516 Oak Drive,Division,CA,United States,87654,(550) 8735231,Ethan_Smalley@aol.com
FAN-3566269,Ethan,Eitan,Hobbert,,Female,3141  Cedar Boulevard,Province,CA,United States,10987,,Ethan_Hobbert@aol.com
FAN-3574508,Ethan,Eitan,Bothe,,Male,202  Cedar St,Sydney,New South Wales,Australia,2000,,Ethan_Bothe@yahoo.com.au
FAN-3587425,Grace,Greys,Roddell,,Male,123 Cedar Avenue,Lisbon,Lisbon,Portugal,1000-001,(968) 4051688,GRoddell243@yahoo.com.pt
FAN-3627891,Grace,Grace,Bailess,1976-01-25,Male,568  Cedar Drive,Madrid,Community of Madrid,Spain,28005,,Grace.Bailess@mail.com.es
FAN-3651555,Grace,Gracie,Harbertson,1996-07-03,Female,789 Grape Way,Copenhagen,Capital Region,Denmark,1000,(688) 4064696,Grace_Harbertson@yahoo.com.dk
FAN-3652969,Grace,Greys,Mabee,1998-06-12,Male,5161  Birch Road,Rome,,Italy,118,,GMabee198@outlook.com.it
FAN-3671488,Isabella,Izabella,Scintsbury,1984-08-17,Female,678 Pine Drive,Munich,Bavaria,Germany,80331,(691) 3841585,Isabella_Scintsbury@hotmail.com.de
FAN-3708832,Isabella,Isabela,Bedson,,Male,3535 Pomegranate St,Budapest,Budapest,Hungary,1051,(758) 6250474,Isabella_Bedson@yahoo.com.hu
FAN-3738861,Isabella,Izabella,Wenzel,1976-03-13,Female,1234 Oak Street,Cityville,TX,United States,98765,(720) 6116345,IWenzel72@apple.com
FAN-3749804,Isabella,Izabella,Brotherwood,2000-01-27,Male,505  Walnut St,Nowheresville,TX,United States,23456,(260) 6973857,Isabella_Brotherwood@aol.com
FAN-3752631,James,Jaymz,Allitt,,Male,468  Willow Lane,Quadrant,CA,United States,56789,(953) 5071129,JAllitt247@apple.com
FAN-3768183,James,Jaims,Excell,1971-04-22,Female,543  Berry Road,Paris,,France,75001,(438) 6395374,James_Excell@gmail.com.fr
FAN-3793988,James,James,Drinkale,1978-01-06,,890 Raspberry Lane,Barcelona,Catalonia,Spain,8002,,JDrinkale176@gmail.com.es
FAN-3803300,James,Jaymz,Pearl,1987-01-21,Male,456 Orange Court,Lisbon,Lisbon,Portugal,1200-001,,James_Pearl@gmail.com.pt
FAN-3821647,Joseph,Josef,Shreeve,2008-05-28,,543  Cherry Blossom Drive,Lisbon,,Portugal,1100-150,(463) 9953438,JShreeve178@apple.com.pt
FAN-3848921,Joseph,Josif,Mobbs,1963-11-27,Male,654 Pine Road,Nowheresville,TX,United States,23456,(656) 5869354,Joseph_Mobbs@yahoo.com
FAN-3858351,Joseph,Jozef,Robottom,1976-03-15,,234 Birch Lane,Porto,Porto,Portugal,4050-481,(604) 5341979,JRobottom234@yahoo.com.pt
FAN-3884983,Joseph,Jozef,Garter,1988-03-08,Female,123  Oak Rd,Rotterdam,South Holland,Netherlands,3012 BN,(339) 1607370,Joseph.Garter@mail.com.nl
FAN-3902228,Katherine,Kathryn,Perryn,1977-08-18,,654 Guava Road,Amsterdam,North Holland,Netherlands,1015 AB,(565) 5767284,Katherine_Perryn@yahoo.com.nl
FAN-3943223,Katherine,Katarina,Asbury,1999-10-16,Nonbinary,2121 Papaya St,Belgrade,Belgrade,Serbia,11000,,Katherine_Asbury@hotmail.com.rs
FAN-3949120,Katherine,Katherine,Ketteridge,1967-08-21,Male,901  Birch Road,Marseille,Provence-Alpes-Côte d'Azur,France,13001,,Katherine_Ketteridge@yahoo.com.fr
FAN-3954535,Katherine,Katarina,Stopforth,1999-09-18,Female,2121  Papaya St,Utrecht,Utrecht,Netherlands,3511 WB,(466) 1945630,Katherine_Stopforth@gmail.com.nl
FAN-3959601,Lily,Lili,Iacovides,1972-08-08,Male,234 Dragon Fruit Street,Moscow,Moscow,Russia,101000,,Lily_Iacovides@aol.com.ru
FAN-3961981,Lily,Lilly,Coton,1961-06-05,,4444 Kiwi St,Warsaw,Masovian Voivodeship,Poland,00-001,,Lily_Coton@yahoo.com.pl
FAN-3982094,Lily,Lily,Feveryear,1981-02-03,Female,303  Birch St,Zurich,Zurich,Switzerland,8001,(186) 3915241,Lily_Feveryear@hotmail.com.ch
FAN-3984236,Lily,Lilly,O'Reilly,2010-01-19,Male,456  Cedar St,Locale,TX,United States,23456,(529) 8043043,LO'Reilly139@yahoo.com
FAN-3991804,Madison,Maddison,Huntley,1964-02-01,,246 Birch Court,Nowhereville,TX,United States,56789,(121) 6172647,Madison.Huntley@mail.com
FAN-3992782,Madison,Madison,Knappitt,1981-03-25,,679 Maple Lane,Turin,Piedmont,Italy,10121,(134) 9507331,Madison_Knappitt@yahoo.com.it
FAN-4006863,Madison,Madisyn,Cast,1988-12-17,Female,808 Mango St,Vienna,Vienna,Austria,1010,,MCast237@outlook.com.at
FAN-4039618,Madison,Maddison,Ridler,2007-02-16,,4040 Raspberry St,Vienna,Vienna,Austria,1010,(981) 9439506,Madison_Ridler@hotmail.com.at
FAN-4052700,Matthew,Matthieu,Balloch,1984-11-19,,8191  Oak Court,Osaka,,Japan,530-0001,(941) 4651649,Matthew_Balloch@gmail.com.jp
FAN-4064652,Matthew,Mathew,Bradwell,1957-06-10,,680  Pine Avenue,Moscow,,Russia,101000,(649) 7721686,Matthew_Bradwell@gmail.com.ru
FAN-4071192,Matthew,Mateo,Melland,,Male,789 Cedar Rd,Moscow,,Russia,101000,(412) 8503264,Matthew_Melland@hotmail.com.ru
FAN-4106602,Matthew,Mateo,Beat,1996-11-20,,2222  Pomegranate St,Precinct,NY,United States,10987,,MBeat97@gmail.com
FAN-4114651,Michael,Mikael,Isherwood,1994-04-19,Male,910 Elm Way,Block,NY,United States,87654,,Michael_Isherwood@hotmail.com
FAN-4178110,Michael,Mikael,Widdison,,Male,789 Maple Ln,Paris,,France,75001,(523) 2103042,Michael_Widdison@hotmail.com.fr
FAN-4249771,Michael,Mikel,Walter,1966-05-26,Male,404  Pine Ave,Prague,,Czech Republic,110 00,,Michael.Walter@mail.com.cz
FAN-4256097,Michael,Mikel,Robottom,,Male,789  Oak Street,Seville,Andalusia,Spain,41001,,MRobottom207@apple.com.es
FAN-4260800,Olivia,Alivia,Zuker,,Female,1234  Oak Street,Seoul,Seoul,South Korea,4534,(147) 1318802,Olivia_Zuker@hotmail.com.kr
FAN-4271837,Olivia,Olivia,Haggarth,1985-12-21,Female,3434  Papaya St,Warsaw,Masovian Voivodeship,Poland,00-001,(873) 5891758,Olivia_Haggarth@hotmail.com.pl
FAN-4288380,Olivia,Olyvia,Cardoo,1987-10-13,Female,654 Lime Lane,Madrid,Community of Madrid,Spain,28046,(516) 9955165,Olivia_Cardoo@yahoo.com.es
FAN-4366191,Olivia,Alyvia,Mustoo,,Female,789 Elm Lane,Cityscape,NY,United States,87654,,OMustoo118@outlook.com
FAN-4417821,Samuel,Samuel,Trowell,,Male,314 Aspen Street,Quadrant,TX,United States,10987,,STrowell47@gmail.com
FAN-4443492,Samuel,Sam,Luety,1968-04-13,,808  Mango St,Barcelona,Catalonia,Spain,8001,(847) 9829828,Samuel.Luety@mail.com.es
FAN-4473215,Samuel,Samuell,Dumbrall,1972-08-31,Male,404  Willow Rd,District,CA,United States,87654,(653) 9848252,Samuel.Dumbrall@mail.com
FAN-4487222,Samuel,Samuell,Moppett,1972-10-08,Female,210  Pineapple Express,Madrid,,Spain,28001,,SMoppett72@outlook.com.es
FAN-4493681,Sophia,Sophia,Beszant,2006-12-04,Male,123 Main Street,New York,NY,USA,10001,(424) 8172085,Sophia_Beszant@yahoo.com
FAN-4502391,Sophia,Sophia,Presidey,1987-04-02,,789 Oak Street,Chicago,IL,USA,60601,(467) 5381165,Sophia_Presidey@gmail.com
FAN-4507538,Sophia,Soffia,Fooks,1973-02-27,,987 Apple Street,Stockholm,Stockholm,Sweden,11120,(280) 5856762,Sophia_Fooks@hotmail.com.se
FAN-4546736,Sophia,Sophia,Douris,,,707 Pine Ave,Buenos Aires,,Argentina,C1002ABC,(244) 6636937,Sophia_Douris@hotmail.com.ar
FAN-4585835,William,Will,Jones,1983-06-15,Female,707 Maple St,Kuwait City,,Kuwait,13001,(253) 2463197,William_Jones@aol.com.kw
FAN-4609141,William,Will,Gabitis,1972-01-02,,3535  Pomegranate St,Stockholm,Stockholm,Sweden,11120,(483) 3473414,William_Gabitis@gmail.com.se
FAN-4621006,William,Willem,Gynni,1980-09-27,Female,556 Cedar Avenue,Toronto,ON,Canada,M5H 2N2,(956) 4834035,William.Gynni@mail.com.ca
FAN-4624515,William,Will,Dewick,,Female,718 Pine Boulevard,Precinct,NY,United States,10987,(416) 7049843,William_Dewick@yahoo.com
FAN-4631058,Abigail,Abigayle,Goodley,1973-05-13,Male,987 Passionfruit Drive,Lisbon,Lisbon,Portugal,1600-001,(710) 6354081,AGoodley189@apple.com.pt
FAN-4648879,Abigail,Abigayle,Cinnamond,1985-11-30,,788  Cedar Road,Lisbon,Lisbon,Portugal,1200-001,,Abigail_Cinnamond@hotmail.com.pt
FAN-4653087,Abigail,Abigale,Tourry,2000-05-18,Female,718  Pine Boulevard,Helsinki,Uusimaa,Finland,100,,ATourry187@apple.com.fi
FAN-4694466,Abigail,Abigail,Jouandet,,,246 Oakwood Lane,Manchester,England,UK,M1 4AE,(122) 6276272,Abigail_Jouandet@hotmail.com.uk
FAN-4748204,Aiden,Ayden,Ox,1997-07-14,,456  Cedar Road,Berlin,Berlin,Germany,10115,(935) 8403090,Aiden_Ox@gmail.com.de
FAN-4760490,Aiden,Adan,Gritskov,,,4747 Pomegranate St,Brussels,Brussels,Belgium,1000,(685) 5503178,AGritskov103@apple.com.be
FAN-4774750,Aiden,Aidan,Sparsholt,1968-12-22,Female,210 Pineapple Express,Milan,Lombardy,Italy,20121,(666) 7031390,ASparsholt88@yahoo.com.it
FAN-4786451,Aiden,Adan,Guinan,1997-11-14,Male,606  Cedar St,Dubai,,United Arab Emirates,12345,(419) 5479448,AGuinan162@yahoo.com.ae
FAN-4794615,Alexander,Alaxander,Attwoull,1984-05-05,,123  Plum Avenue,Lyon,Auvergne-Rhône-Alpes,France,69001,(739) 1202240,AAttwoull122@outlook.com.fr
FAN-4812257,Alexander,Alexander,Ivashkov,1956-06-23,Male,1313 Lemon St,Stockholm,Stockholm,Sweden,11120,,Alexander_Ivashkov@gmail.com.se
FAN-4816003,Alexander,Alexzander,Juckes,1969-07-26,Male,314 Cedar Way,Sector,NY,United States,56789,(750) 9509090,Alexander_Juckes@gmail.com
FAN-4821689,Alexander,Aleksander,Dinsdale,1976-01-04,Male,920  Elm Road,Amsterdam,,Netherlands,1012 JS,,Alexander_Dinsdale@yahoo.com.nl
FAN-4846480,Andrew,Andrey,Cullingford,1962-05-14,Female,101  Pine Rd,Toronto,ON,Canada,M5H 2N2,,ACullingford11@gmail.com.ca
FAN-4856255,Andrew,Andreas,Brodley,1960-06-28,Male,3333  Avocado St,Vienna,Vienna,Austria,1010,(404) 3121043,ABrodley96@gmail.com.at
FAN-4876744,Andrew,Andre,Silversmid,1969-09-01,Female,516  Birch Street,Hometown,TX,United States,23456,(696) 6553311,ASilversmid78@yahoo.com
FAN-4899454,Andrew,Andreas,Acey,1964-09-17,,123  Pine Avenue,Manchester,England,UK,M1 4AE,(877) 7896343,Andrew_Acey@gmail.com.uk
FAN-4912460,Benjamin,Ben,Searby,,Female,234  Cedar Court,Moscow,Moscow,Russia,101000,,Benjamin.Searby@mail.com.ru
FAN-4931307,Benjamin,Ben,Chiechio,1958-03-23,Male,606 Cedar Ave,Brussels,,Belgium,1000,(891) 6482676,BChiechio238@outlook.com.be
FAN-4935652,Benjamin,Ben,Turland,1980-11-30,Female,123 Willow Ave,Seoul,,South Korea,4526,(929) 2985615,BTurland50@gmail.com.kr
FAN-4945909,Benjamin,Benjamen,Boriston,1994-10-23,Male,765  Redwood Avenue,Manchester,England,UK,M1 4AE,(168) 9978101,BBoriston83@outlook.com.uk
FAN-4961949,Chloe,Khloe,Borrill,1996-09-05,Male,765  Blackberry Way,Copenhagen,Capital Region,Denmark,1000,(941) 5951424,Chloe_Borrill@aol.com.dk
FAN-4979379,Chloe,Cloe,Devita,1965-06-18,Female,303 Elm St,Madrid,,Spain,28001,(486) 9434533,CDevita208@outlook.com.es
FAN-5011491,Chloe,Chloe,Collingridge,2000-10-20,Female,233  Elm Road,Madrid,Community of Madrid,Spain,28046,(806) 1677856,Chloe_Collingridge@aol.com.es
FAN-5012641,Chloe,Khloe,Walch,2000-08-03,Male,432  Mango Way,Montreal,QC,Canada,H2X 1Y6,(194) 8430734,Chloe_Walch@hotmail.com.ca
FAN-5021721,Christopher,Christophe,Extil,2007-06-30,Nonbinary,789  Kiwi Avenue,Nowhereville,TX,United States,56789,,Christopher_Extil@gmail.com
FAN-5044681,Christopher,Krystoffer,Nisby,1982-03-14,,404 Birch St,Lisbon,,Portugal,1100-150,(465) 1250527,CNisby174@outlook.com.pt
FAN-5092760,Christopher,Krystoffer,Pellitt,1994-12-28,Female,5678 Cedar Road,Sector,TX,United States,56789,(974) 1291081,CPellitt122@yahoo.com
FAN-5094783,Christopher,Kristopher,Warland,1957-12-02,Male,909 Oak Ln,Seoul,,South Korea,4526,,Christopher.Warland@mail.com.kr
FAN-5102264,Daniel,Dan,Houseago,1977-04-16,,505  Maple Ln,Barcelona,Catalonia,Spain,8003,,DHouseago49@apple.com.es
FAN-5108571,Daniel,Daniell,Oyley,1970-01-11,Nonbinary,987  Apple Street,Budapest,Budapest,Hungary,1051,(188) 5949572,Daniel_Oyley@yahoo.com.hu
FAN-5108806,Daniel,Danial,Boldero,1991-05-04,Male,876 Cranberry Avenue,Osaka,Osaka,Japan,540-0002,(567) 2383625,DBoldero49@apple.com.jp
FAN-5135309,Daniel,Danial,Discombe,2006-12-10,Nonbinary,890 Lychee Lane,Berlin,Berlin,Germany,10115,(787) 3320439,DDiscombe222@yahoo.com.de
FAN-5177054,Elizabeth,Elizabith,Smees,,Male,101  Maple Ave,Lisbon,Lisbon,Portugal,1000-001,(766) 5984231,Elizabeth_Smees@hotmail.com.pt
FAN-5194773,Elizabeth,Elizabith,Esposita,1982-04-26,Male,876  Fir Boulevard,Madrid,Community of Madrid,Spain,28001,(516) 2520835,Elizabeth.Esposita@mail.com.es
FAN-5213371,Elizabeth,Elizabeth,Percival,,,819 Oak Lane,Neighborhood,TX,United States,87654,(174) 9963966,Elizabeth_Percival@hotmail.com
FAN-5241210,Elizabeth,Lizbeth,Loffel,1965-07-24,Male,321 Elm Street,Everyville,CA,United States,98765,(357) 7597543,Elizabeth_Loffel@aol.com
FAN-5296137,Emily,Amelie,Hendin,1994-12-16,,1234 Oak Place,Downtown,CA,United States,54321,(729) 1569585,Emily_Hendin@aol.com
FAN-5337461,Emily,Emmaleigh,Buxton,2007-09-08,Male,456 Elm Street,Los Angeles,CA,USA,90001,(258) 8498474,Emily.Buxton@mail.com
FAN-5338519,Emily,Amelie,Geraudel,,Male,617 Aspen Road,Enclave,NY,United States,10987,(441) 4756626,Emily_Geraudel@aol.com
FAN-5346857,Emily,Emmaleigh,Gisburn,1956-09-19,,1121  Birch Lane,Helsinki,,Finland,100,,Emily_Gisburn@aol.com.fi
FAN-5380231,Emma,Emmah,Sheers,1991-12-27,Female,457  Oakwood Avenue,Countryside,TX,United States,10987,(226) 2772504,ESheers208@outlook.com
FAN-5404908,Emma,Emmah,Lefwich,,,654  Pine Road,London,England,United Kingdom,W1A 1AA,(666) 5950648,ELefwich3@apple.com.uk
FAN-5424532,Emma,Emmah,Hannabus,1968-11-26,Female,456  Maple St,Precinct,CA,United States,23456,,EHannabus131@apple.com
FAN-5429490,Emma,Emm,Arrington,2003-10-22,Male,456  Oak St,Townsville,NY,United States,12345,(193) 5340006,Emma_Arrington@hotmail.com
FAN-5452841,Ethan,Athan,Vautier,,,912 Pine Drive,Utrecht,Utrecht,Netherlands,3511 WB,(717) 1214735,Ethan_Vautier@gmail.com.nl
FAN-5475271,Ethan,Ethen,Treske,1978-06-18,Male,8191 Oak Boulevard,Zone,NY,United States,87654,(961) 1265183,Ethan_Treske@yahoo.com
FAN-5518568,Ethan,Eitan,Tireman,1963-01-26,Female,808 Birch Ave,Dubai,,United Arab Emirates,12345,,ETireman146@apple.com.ae
FAN-5532874,Ethan,Ethan,Phinn,2002-10-09,Female,889  Maple Street,London,,United Kingdom,W1A 1AA,(799) 7396488,EPhinn215@outlook.com.uk
FAN-5549789,Grace,Grayce,Stucke,1998-12-06,Male,112  Elm Lane,Moscow,Moscow,Russia,101000,(172) 4081334,GStucke75@outlook.com.ru
FAN-5577886,Grace,Grayce,McPolin,,Female,123  Watermelon Street,Madrid,Community of Madrid,Spain,28001,(153) 2686905,Grace_McPolin@hotmail.com.es
FAN-5580824,Grace,Greys,Geane,1962-11-17,Male,876 Fir Boulevard,Moscow,Moscow,Russia,101000,(311) 4609825,Grace_Geane@hotmail.com.ru
FAN-5582393,Grace,Grayce,Keers,1994-11-11,Male,135 Redwood Blvd,Somewhereton,CA,United States,43210,,Grace_Keers@hotmail.com
FAN-5616515,Isabella,Ysabella,Gilchrist,1984-10-08,Female,404  Birch St,Paris,Ile-de-France,France,75002,(531) 4448084,Isabella_Gilchrist@hotmail.com.fr
FAN-5630273,Isabella,Isabela,Nazareth,2008-08-03,Nonbinary,791  Oak Lane,Toronto,ON,Canada,M5H 2N2,(591) 2029574,INazareth103@yahoo.com.ca
FAN-5641799,Isabella,Izabella,Andreu,1960-02-24,Female,819  Oak Lane,Los Angeles,CA,United States,90001,(261) 4366113,IAndreu184@apple.com
FAN-5646890,Isabella,Isabela,Ruselin,1978-12-04,Female,920 Elm Road,Zone,TX,United States,87654,(692) 6850377,IRuselin174@gmail.com
FAN-5682181,James,Jaymz,Bedham,1970-01-27,Female,5678  Maple Street,Brussels,Brussels,Belgium,1000,(273) 7794240,JBedham147@outlook.com.be
FAN-5684079,James,Jaims,Batter,1972-01-05,Female,808  Birch Ave,Rio de Janeiro,,Brazil,20040-002,(798) 5248792,JBatter74@gmail.com.br
FAN-5698447,James,Jaymz,Billison,2010-03-31,,2525 Coconut St,Zagreb,Zagreb,Croatia,10000,,JBillison230@outlook.com.hr
FAN-5711714,James,Jaymz,Sharrock,1963-02-21,,778  Birch Road,Barcelona,Catalonia,Spain,8001,(333) 4193263,JSharrock65@gmail.com.es
FAN-5716145,Joseph,Josef,Pybworth,1977-09-19,,765 Blackberry Way,Sao Paulo,Sao Paulo,Brazil,01310-100,(316) 8686105,JPybworth78@gmail.com.br
FAN-5719268,Joseph,Josif,Huke,1969-06-26,Female,890  Cedar Street,Lisbon,Lisbon,Portugal,1500-001,(674) 9556343,JHuke66@outlook.com.pt
FAN-5725845,Joseph,Josef,Crisell,1973-08-28,Female,7181  Willow Street,Rome,,Italy,153,(709) 3748435,Joseph_Crisell@gmail.com.it
FAN-5733546,Joseph,Josef,Dillet,,Female,505 Walnut St,London,England,United Kingdom,W1A 1AA,,JDillet39@apple.com.uk
FAN-5794849,Katherine,Katarina,Fawlks,1996-03-29,Male,432 Sycamore Street,Amsterdam,North Holland,Netherlands,1012 AB,(492) 3273399,Katherine_Fawlks@yahoo.com.nl
FAN-5842090,Katherine,Katherine,Vasilov,1992-09-20,Male,123 Main Street,New York,NY,United States,10001,,Katherine_Vasilov@yahoo.com
FAN-5846137,Katherine,Katarina,Turmell,1961-07-13,Male,567 Blueberry Road,Munich,Bavaria,Germany,80331,,KTurmell241@outlook.com.de
FAN-5857056,Katherine,Katarina,Platfoot,1986-05-29,,900  Pine Road,Munich,Bavaria,Germany,80331,(473) 3539157,Katherine_Platfoot@yahoo.com.de
FAN-5891463,Lily,Lily,Honniebal,1993-07-22,Male,3333 Avocado St,Barcelona,Catalonia,Spain,8001,(902) 8476304,LHonniebal191@gmail.com.es
FAN-5965623,Lily,Lillie,Corbally,1964-12-11,Female,543 Poplar Drive,Tokyo,Tokyo,Japan,100-0001,,LCorbally124@apple.com.jp
FAN-5974286,Lily,Lillie,Fullerton,1967-12-01,Female,223  Maple Drive,New York,NY,United States,10001,(737) 5972879,LFullerton147@yahoo.com
FAN-5994508,Lily,Lily,Isack,,Female,789  Birch Ave,Athens,Attica,Greece,105 64,(822) 1977253,LIsack245@outlook.com.gr
FAN-6026267,Madison,Madisyn,Ridhole,1964-10-28,Female,987 Pine Road,Rio de Janeiro,Rio de Janeiro,Brazil,20000-001,,Madison_Ridhole@aol.com.br
FAN-6038732,Madison,Madison,Leithgoe,2006-07-14,Male,1616 Raspberry St,Seville,Andalusia,Spain,41001,(560) 4791042,Madison.Leithgoe@mail.com.es
FAN-6069281,Madison,Madison,Organer,1983-04-07,,606 Birch St,Rio de Janeiro,,Brazil,20040-002,,Madison_Organer@hotmail.com.br
FAN-6081319,Madison,Madisyn,Dolley,2008-12-30,Male,432  Sycamore Street,Zurich,,Switzerland,8001,(352) 2198585,MDolley180@gmail.com.ch
FAN-6120777,Matthew,Matthieu,Acres,1960-12-24,Female,456 Maple St,Helsinki,,Finland,100,(586) 6161600,Matthew.Acres@mail.com.fi
FAN-6159792,Matthew,Matthieu,Amberson,1979-09-10,,404 Willow Rd,Rome,,Italy,153,(634) 8565359,MAmberson235@yahoo.com.it
FAN-6175585,Matthew,Mathew,Geaves,2009-09-03,,321  Elm Street,Lisbon,Lisbon,Portugal,1000-001,,Matthew_Geaves@aol.com.pt
FAN-6181985,Matthew,Mateo,Klesse,,,456 Oak Avenue,Los Angeles,CA,United States,90001,(747) 5591028,MKlesse170@outlook.com
FAN-6192922,Michael,Michael,Noller,,,4848  Watermelon St,Vienna,Vienna,Austria,1010,,Michael_Noller@yahoo.com.at
FAN-6213345,Michael,Michal,Chiechio,1995-01-13,,3737 Pineapple St,Copenhagen,Capital Region,Denmark,1000,(130) 4906745,Michael.Chiechio@mail.com.dk
FAN-6217413,Michael,Michael,Robley,1965-01-14,Male,202  Elm St,New York,NY,USA,10001,(480) 1076437,Michael_Robley@aol.com
FAN-6217465,Michael,Mikel,Ridder,1993-02-11,Nonbinary,9201 Maple Way,Region,NY,United States,56789,(644) 1778617,Michael_Ridder@hotmail.com
FAN-6246845,Olivia,Alyvia,Wardhaw,1957-01-23,Female,707 Pineapple St,Copenhagen,Capital Region,Denmark,1000,,OWardhaw81@yahoo.com.dk
FAN-6274921,Olivia,Alyvia,A'Barrow,1992-12-28,Female,543 Cherry Blossom Drive,Paris,Ile-de-France,France,75002,(266) 6503831,Olivia_A'Barrow@gmail.com.fr
FAN-6285208,Olivia,Alivia,Jones,1993-06-15,Female,1818 Blackberry St,Lyon,Auvergne-Rhône-Alpes,France,69001,(253) 2463197,Olivia_Jones@aol.com.fr
FAN-6312582,Olivia,Alivia,Bodega,1966-03-04,,202 Cedar Ln,Berlin,,Germany,10115,(405) 5853389,OBodega237@yahoo.com.de
FAN-6313568,Samuel,Samuell,Georgeon,,,234  Avocado Drive,Paris,Ile-de-France,France,75001,(669) 9857655,SGeorgeon33@outlook.com.fr
FAN-6320785,Samuel,Samuell,Atton,1977-10-09,Female,789  Grape Way,Sector,TX,United States,56789,,SAtton96@apple.com
FAN-6322324,Samuel,Sam,Hulett,1959-06-03,Female,2828  Raspberry St,Prague,Prague,Czech Republic,110 00,(378) 5691085,SHulett31@apple.com.cz
FAN-6326306,Samuel,Samuelito,Ticehurst,1960-03-09,Male,654 Birch Lane,Montreal,QC,Canada,H2X 1Y6,,Samuel.Ticehurst@mail.com.ca
FAN-6401003,Sophia,Sofia,Sobtka,2000-10-05,Male,567  Blueberry Road,Lyon,Auvergne-Rhône-Alpes,France,69001,(149) 4240292,SSobtka246@apple.com.fr
FAN-6403070,Sophia,Sophia,Haws,,,123  Main Street,London,England,UK,W1A 1AA,(440) 1967606,SHaws54@apple.com.uk
FAN-6429699,Sophia,Sofiya,Forkan,2009-01-06,Female,606 Cedar St,Rio de Janeiro,,Brazil,20040-002,,Sophia.Forkan@mail.com.br
FAN-6443902,Sophia,Sofiya,Flockhart,1960-02-27,Nonbinary,5050  Coconut St,Nowhere,NY,United States,54321,,Sophia_Flockhart@hotmail.com
FAN-6446029,William,Will,Geekie,,,456  Elm Street,Munich,Bavaria,Germany,80331,(568) 2797064,WGeekie233@apple.com.de
FAN-6452215,William,William,McKaile,1970-06-30,Female,1313  Lemon St,Budapest,Budapest,Hungary,1051,(985) 3289767,William_McKaile@hotmail.com.hu
FAN-6556632,William,Willem,Trevena,1973-12-25,,303  Pine Rd,Zone,TX,United States,87654,(928) 1851130,William_Trevena@gmail.com
FAN-6556996,William,Willem,Zelley,1993-10-27,Male,456 Papaya Place,Seoul,Seoul,South Korea,4347,(326) 1576357,William.Zelley@mail.com.kr
FAN-6563416,Abigail,Abigale,Airton,,Female,899 Elm Street,Marseille,Provence-Alpes-Côte d'Azur,France,13001,,Abigail_Airton@hotmail.com.fr
FAN-6588568,Abigail,Abigale,Mills,2002-09-09,Female,789  Maple Drive,Osaka,Osaka,Japan,540-0002,,Abigail_Mills@hotmail.com.jp
FAN-6609153,Abigail,Abigail,Bengoechea,,,303  Willow St,Villageville,CA,United States,54321,,Abigail_Bengoechea@hotmail.com
FAN-6610302,Abigail,Abigale,Thoresbie,1993-01-19,,890  Lychee Lane,Turin,Piedmont,Italy,10121,(259) 7387043,Abigail_Thoresbie@aol.com.it
FAN-6611727,Aiden,Aiden,Reisenstein,1960-12-06,Male,415  Elm Court,Tokyo,,Japan,100-0001,,AReisenstein98@outlook.com.jp
FAN-6612908,Aiden,Aiden,Baumert,1981-09-20,Male,801  Elm Road,Copenhagen,,Denmark,1000,(998) 1990187,ABaumert82@outlook.com.dk
FAN-6619778,Aiden,Adan,Penwarden,1999-03-22,,456 Oak St,Berlin,Berlin,Germany,10115,(159) 5209015,APenwarden8@outlook.com.de
FAN-6632248,Aiden,Ayden,Gonsalo,1961-07-21,,789  Nectarine Way,Madrid,Madrid,Spain,28001,,AGonsalo164@outlook.com.es
FAN-6641977,Alexander,Aleksander,Harbert,1986-02-18,,505  Willow Ln,Block,NY,United States,87654,(412) 1643804,AHarbert186@gmail.com
FAN-6663233,Alexander,Alexzander,Sextie,1973-08-28,Female,234 Cedar Court,Madrid,Community of Madrid,Spain,28001,(498) 7338743,Alexander_Sextie@gmail.com.es
FAN-6692229,Alexander,Aleksander,Isaq,1959-01-11,,909  Elm Ln,London,England,UK,W1A 1AA,,Alexander_Isaq@hotmail.com.uk
FAN-6710162,Alexander,Alexzander,Lokier,,,346 Pine Court,Seville,Andalusia,Spain,41001,(966) 4945865,Alexander_Lokier@hotmail.com.es
FAN-6710556,Andrew,Andreas,Townsend,1960-06-26,Male,456  Maple Ave,Singapore,,Singapore,179805,(827) 6762732,Andrew.Townsend@mail.com.sg
FAN-6712707,Andrew,Andrew,McVicker,1981-12-09,Female,101 Cedar Rd,Prague,,Czech Republic,110 00,(217) 5374811,Andrew_McVicker@gmail.com.cz
FAN-6719098,Andrew,Andreas,Alekseicik,1983-12-30,Male,456  Elm Road,Vancouver,BC,Canada,V6B 4Y8,(941) 8419940,AAlekseicik211@outlook.com.ca
FAN-6773409,Andrew,Andre,Hitter,2001-11-08,Male,457 Oakwood Avenue,Rome,Lazio,Italy,118,(874) 1526131,Andrew_Hitter@hotmail.com.it
FAN-6797746,Benjamin,Ben,Batistelli,1978-06-30,Female,567 Maple Lane,Berlin,Berlin,Germany,10115,,Benjamin_Batistelli@hotmail.com.de
FAN-6806240,Benjamin,Benjamen,Ruddle,1989-01-18,,123 Main St,New York,NY,United States,10001,(932) 5545246,BRuddle208@outlook.com
FAN-6806930,Benjamin,Bennjamin,Petschel,1987-05-18,Male,112 Pine Lane,Division,TX,United States,10987,,Benjamin.Petschel@mail.com
FAN-6841199,Benjamin,Bennjamin,Exposito,,,1121  Elm Road,Precinct,TX,United States,23456,(393) 2992673,Benjamin_Exposito@aol.com
FAN-6851460,Chloe,Chloe,Dederick,,Nonbinary,101 Maple Ave,Paris,,France,75001,(828) 6094924,Chloe_Dederick@yahoo.com.fr
FAN-6868722,Chloe,Cloe,Docherty,,,011 Oak Drive,Chicago,IL,USA,60601,,Chloe_Docherty@hotmail.com
FAN-6879382,Chloe,Cleo,Klaff,1978-06-01,Female,4848 Watermelon St,Barcelona,Catalonia,Spain,8001,(968) 2029882,Chloe_Klaff@gmail.com.es
FAN-6884009,Chloe,Cloe,Wornum,1985-01-03,Female,234 Avocado Drive,Lisbon,Lisbon,Portugal,1500-001,(979) 5313959,CWornum97@outlook.com.pt
FAN-6923316,Christopher,Christopher,Knapper,1964-04-06,,789  Pine St,New York,NY,USA,10001,(718) 3089203,CKnapper148@yahoo.com
FAN-6969291,Christopher,Christopher,Chiechio,2008-07-04,Male,7181 Willow Street,Territory,TX,United States,56789,(891) 6482676,CChiechio234@outlook.com
FAN-6991462,Christopher,Christopher,Arnaudon,,Male,303  Oak Ave,Mexico City,,Mexico,6010,(462) 1412921,Christopher_Arnaudon@yahoo.com.mx
FAN-7007002,Christopher,Kristopher,Flude,,Female,913  Cedar Street,Quadrant,TX,United States,10987,(980) 1711817,Christopher_Flude@yahoo.com
FAN-7032518,Daniel,Danial,Bartell,,,135 Cedar Drive,London,England,UK,W1A 1AA,(259) 6095721,Daniel_Bartell@hotmail.com.uk
FAN-7033922,Daniel,Daniell,Fitzgerald,1961-02-03,,4646 Papaya St,Lisbon,Lisbon,Portugal,1000-001,(821) 2888611,Daniel_Fitzgerald@gmail.com.pt
FAN-7079135,Daniel,Daniell,Posnette,1975-07-22,,606  Cherry St,Amsterdam,North Holland,Netherlands,1012 RJ,,Daniel_Posnette@gmail.com.nl
FAN-7083006,Daniel,Daniell,Senner,1970-11-27,Female,456 Apricot Drive,Seoul,Seoul,South Korea,4534,,DSenner33@yahoo.com.kr
FAN-7106045,Elizabeth,Elizabith,Bather,,Male,4151  Redwood Avenue,Athens,,Greece,105 64,(424) 7995940,EBather193@yahoo.com.gr
FAN-7113971,Elizabeth,Elizabeth,Belleny,1988-11-24,Male,2323  Watermelon St,Stockholm,Stockholm,Sweden,11120,(766) 9850609,Elizabeth_Belleny@hotmail.com.se
FAN-7127838,Elizabeth,Elisabeth,Bouttell,2003-07-26,Nonbinary,112 Elm Lane,Lyon,Auvergne-Rhône-Alpes,France,69001,,EBouttell165@yahoo.com.fr
FAN-7146245,Elizabeth,Elisabeth,Tennet,1972-10-07,,123 Pine St,Beijing,,China,100006,,Elizabeth.Tennet@mail.com.cn
FAN-7160701,Emily,Emily,Ebi,1967-08-20,Female,2424 Pineapple St,Vienna,Vienna,Austria,1010,,EEbi8@gmail.com.at
FAN-7165972,Emily,Emalee,Kaufman,1968-06-08,Male,210 Pineapple Street,Seoul,Seoul,South Korea,3142,,EKaufman215@gmail.com.kr
FAN-7196370,Emily,Emmaleigh,Berthot,,Female,303 Birch St,Amsterdam,North Holland,Netherlands,1012 RJ,(479) 5595393,EBerthot70@apple.com.nl
FAN-7216049,Emily,Emily,Bolver,,,707  Maple Ave,Sofia,Sofia-Capital,Bulgaria,1000,(463) 1762605,EBolver24@outlook.com.bg
FAN-7222926,Emma,Emm,Castanares,1980-11-10,Male,4343 Blackberry St,St. Petersburg,Leningrad Oblast,Russia,190000,(417) 1941135,Emma_Castanares@yahoo.com.ru
FAN-7227009,Emma,Ema,Pomroy,1967-12-09,Male,789  Elm Lane,Seoul,,South Korea,4526,(594) 4747457,EPomroy112@yahoo.com.kr
FAN-7237221,Emma,Emma,Florey,,,123 Main St,Paris,Île-de-France,France,75001,(740) 9653626,Emma_Florey@hotmail.com.fr
FAN-7258700,Emma,Ema,Bentzen,1976-09-11,Female,321  Maple Avenue,Berlin,Berlin,Germany,10115,,Emma_Bentzen@gmail.com.de
FAN-7265098,Ethan,Ethen,Baitey,1991-08-18,,5678 Maple Street,Suburb,TX,United States,87654,(939) 3577495,Ethan.Baitey@mail.com
FAN-7276113,Ethan,Eitan,Sine,2005-12-28,Female,344  Birch Avenue,Barcelona,Catalonia,Spain,8001,(447) 3995245,Ethan_Sine@hotmail.com.es
FAN-7332220,Ethan,Ethan,Fifield,1988-03-15,,210 Grape Lane,Osaka,Osaka,Japan,530-0001,,Ethan_Fifield@gmail.com.jp
FAN-7337276,Ethan,Ethen,Kirkham,2006-07-25,,6171  Aspen Way,Hamlet,NY,United States,87654,(456) 6975570,Ethan_Kirkham@yahoo.com
FAN-7393798,Grace,Grace,MacAlees,1975-08-21,,4444  Kiwi St,Athens,Attica,Greece,105 64,(702) 3252746,Grace_MacAlees@hotmail.com.gr
FAN-7398051,Grace,Gracie,Bingley,1978-03-31,Male,202  Cedar Ln,Township,CA,United States,23456,(200) 7701843,Grace_Bingley@hotmail.com
FAN-7398975,Grace,Grayce,Hefferon,1975-10-15,Female,567  Maple Lane,Toronto,ON,Canada,M5H 2N2,(218) 8991636,Grace_Hefferon@hotmail.com.ca
FAN-7404798,Grace,Grace,Gee,2003-10-11,,909  Oak Ln,Cityscape,NY,United States,87654,(524) 5889326,GGee182@gmail.com
FAN-7405266,Isabella,Ysabella,Purton,,Nonbinary,876  Cranberry Avenue,London,England,United Kingdom,W1A 1AA,(294) 8387261,IPurton207@yahoo.com.uk
FAN-7409534,Isabella,Isabela,Spottiswoode,1957-07-07,Female,357  Aspen Way,Buenos Aires,,Argentina,C1002ABC,(985) 4861782,Isabella.Spottiswoode@mail.com.ar
FAN-7419788,Isabella,Izabella,Finicj,,Female,579  Elm Road,Megalopolis,TX,United States,56789,(945) 5097529,Isabella_Finicj@aol.com
FAN-7430898,Isabella,Izabella,Hassen,,Male,568 Cedar Drive,Milan,Lombardy,Italy,20121,(646) 3010467,Isabella_Hassen@yahoo.com.it
FAN-7460020,James,Jaymz,Cranshaw,1985-06-17,Female,9101  Pine Drive,Barcelona,Catalonia,Spain,8002,(790) 1984477,James_Cranshaw@gmail.com.es
FAN-7468232,James,Jaims,Whatling,1977-05-19,,1234  Pine Avenue,Osaka,Osaka,Japan,530-0001,,James_Whatling@gmail.com.jp
FAN-7471670,James,James,Shuttlewood,1957-12-10,Male,617  Maple Lane,Community,NY,United States,23456,(327) 8514744,James_Shuttlewood@yahoo.com
FAN-7472458,James,Jaims,Downe,2007-09-02,Male,3141  Cedar Lane,Berlin,Berlin,Germany,10117,,JDowne203@apple.com.de
FAN-7491155,Joseph,Josef,Burg,1979-11-20,Male,909 Elm Ln,New York,NY,United States,10001,(812) 9959879,Joseph_Burg@aol.com
FAN-7495136,Joseph,Josef,Roddell,1961-05-02,Male,789  Maple Ln,Lisbon,Lisbon,Portugal,1100-001,,Joseph_Roddell@hotmail.com.pt
FAN-7560477,Joseph,Jozef,Lease,1959-11-06,Female,617  Aspen Road,Rio de Janeiro,Rio de Janeiro,Brazil,20000-001,(748) 9031164,JLease64@outlook.com.br
FAN-7575571,Joseph,Josef,Schiefersten,2004-12-20,Female,606  Cedar Ave,Stockholm,,Sweden,11120,,Joseph_Schiefersten@hotmail.com.se
FAN-7603796,Katherine,Katarina,Bengoechea,1993-08-14,Female,910  Elm Way,Tokyo,,Japan,100-0001,,Katherine_Bengoechea@hotmail.com.jp
FAN-7666021,Katherine,Katarina,Bushe,1985-05-23,Nonbinary,606 Cherry St,Zurich,Zurich,Switzerland,8001,,KBushe213@outlook.com.ch
FAN-7723409,Katherine,Katherine,Kisbee,,,789  Maple St,Milan,Lombardy,Italy,20121,(810) 9053151,Katherine_Kisbee@gmail.com.it
FAN-7778109,Katherine,Kathryn,Usherwood,,Male,202 Oak Ave,Bogotá,,Colombia,110321,,Katherine_Usherwood@hotmail.com.co
FAN-7778510,Lily,Lilly,McCahey,2005-08-20,Male,678 Peach Street,Paris,Ile-de-France,France,75003,(146) 2196563,Lily_McCahey@hotmail.com.fr
FAN-7830774,Lily,Lillie,Osler,1962-06-23,Female,314  Aspen Street,Hamburg,Hamburg,Germany,20095,(313) 4011197,Lily_Osler@yahoo.com.de
FAN-7833074,Lily,Lili,MacGillavery,1988-10-08,Nonbinary,6171  Aspen Circle,Tokyo,Tokyo,Japan,100-0001,,Lily_MacGillavery@aol.com.jp
FAN-7834184,Lily,Lili,Camus,,Female,789 Oakwood Avenue,Hamburg,Hamburg,Germany,20095,(186) 3288220,Lily_Camus@aol.com.de
FAN-7834466,Madison,Madyson,Zucker,1971-04-11,Male,124  Birch Road,Mexico City,,Mexico,6010,,MZucker216@gmail.com.mx
FAN-7870436,Madison,Madisyn,Dibdale,2000-05-23,Female,677  Oak Drive,Oslo,Oslo,Norway,10,(285) 2648489,Madison.Dibdale@mail.com.no
FAN-7886505,Madison,Madyson,Vautier,,Female,3030  Blueberry St,Madrid,Madrid,Spain,28001,(717) 1214735,Madison_Vautier@aol.com.es
FAN-7917767,Madison,Madison,Ierland,2006-04-11,,909  Pine Ave,Liverpool,England,UK,L3 5TR,(227) 6519216,Madison.Ierland@mail.com.uk
FAN-7923265,Matthew,Matthieu,Ferron,2002-04-07,Male,505 Cedar Ln,Tokyo,,Japan,100-0001,(564) 6437059,Matthew_Ferron@yahoo.com.jp
FAN-7939695,Matthew,Mathew,Lathaye,2009-05-13,,1414  Grape St,Buenos Aires,Capital Federal,Argentina,C1107AAA,(570) 8034758,MLathaye187@outlook.com.ar
FAN-8052991,Matthew,Matthieu,Luard,1963-09-12,,808  Pine Rd,Madrid,,Spain,28013,,Matthew.Luard@mail.com.es
FAN-8078831,Matthew,Mathew,Brumham,,Female,455 Maple Street,London,England,UK,W1A 1AA,(937) 5756439,MBrumham160@yahoo.com.uk
FAN-8080002,Michael,Mikael,Linfield,1990-03-21,Male,210  Pineapple Street,Cluster,CA,United States,56789,(509) 6097654,Michael_Linfield@hotmail.com
FAN-8090324,Michael,Michael,Reford,,,1121 Birch Lane,Precinct,CA,United States,23456,(947) 4318513,Michael_Reford@gmail.com
FAN-8107529,Michael,Michal,Kristoffersson,1978-09-13,Female,4151  Redwood Drive,Liverpool,England,UK,L3 5TR,,Michael_Kristoffersson@hotmail.com.uk
FAN-8143164,Michael,Michael,Tennet,1984-05-30,,4545 Avocado St,Athens,Attica,Greece,105 64,(749) 6618600,MTennet102@yahoo.com.gr
FAN-8145102,Olivia,Olyvia,Hembrow,2001-08-11,Female,202 Cedar St,Brussels,Brussels,Belgium,1000,(705) 2770150,Olivia_Hembrow@gmail.com.be
FAN-8155684,Olivia,Alivia,Kwiek,1970-05-11,,654  Lime Lane,Montreal,QC,Canada,H2X 1Y6,(200) 3566022,Olivia_Kwiek@hotmail.com.ca
FAN-8158333,Olivia,Alivia,Renfield,1972-03-24,Female,1515  Strawberry St,Athens,Attica,Greece,105 64,(632) 8409198,ORenfield157@outlook.com.gr
FAN-8182403,Olivia,Olyvia,Tomaszek,1970-01-29,Male,2626  Mango St,Buenos Aires,,Argentina,C1002ABC,(238) 7723523,Olivia_Tomaszek@gmail.com.ar
FAN-8198382,Samuel,Sam,Vardey,1963-03-17,Male,123 Main Street,Anytown,CA,United States,12345,(721) 6276802,SVardey173@gmail.com
FAN-8252780,Samuel,Sam,MacLucais,2005-06-25,Female,6171 Aspen Way,Province,CA,United States,10987,(908) 8612623,Samuel.MacLucais@mail.com
FAN-8259192,Samuel,Samuel,Wolfarth,2005-04-23,Male,987  Passionfruit Drive,Paris,Ile-de-France,France,75001,(221) 4316186,SWolfarth236@outlook.com.fr
FAN-8293439,Samuel,Samuelito,Buie,1979-10-10,Female,987  Pine Road,Beijing,,China,100006,(993) 9240183,SBuie164@outlook.com.cn
FAN-8366014,Sophia,Soffia,McBrearty,,Female,1234  Oak Place,Rio de Janeiro,,Brazil,20040-002,(408) 5301508,Sophia_McBrearty@hotmail.com.br
FAN-8379456,Sophia,Sofia,Falls,1988-04-22,,890  Raspberry Lane,Villagetown,CA,United States,67890,,Sophia.Falls@mail.com
FAN-8391028,Sophia,Sophia,Royce,1987-04-24,Male,4949 Pineapple St,Rome,Lazio,Italy,118,,Sophia_Royce@hotmail.com.it
FAN-8396198,Sophia,Soffia,Neave,2005-02-23,Male,987  Cedar Lane,Zagreb,Zagreb,Croatia,10000,(794) 3877632,SNeave147@outlook.com.hr
FAN-8425559,William,Guillermo,Gartsyde,,Female,678  Mango Lane,Sydney,NSW,Australia,2000,(740) 1406769,William_Gartsyde@yahoo.com.au
FAN-8432214,William,Willem,Prowse,1972-01-04,Male,516  Oak Drive,Rome,Lazio,Italy,118,(418) 3550300,WProwse193@yahoo.com.it
FAN-8476294,William,William,Whiskerd,2000-02-20,Female,3131 Blackberry St,Lisbon,Lisbon,Portugal,1000-001,(861) 1766366,William.Whiskerd@mail.com.pt
FAN-8492379,William,Willem,Divine,1982-09-06,Female,321 Maple Avenue,Toronto,ON,Canada,M5H 2N2,(701) 6405034,William_Divine@hotmail.com.ca
FAN-8495678,Abigail,Abigayle,Watling,,Nonbinary,808  Maple Rd,Madrid,Community of Madrid,Spain,28001,,Abigail_Watling@yahoo.com.es
FAN-8500853,Abigail,Abbigail,Attwool,1960-09-15,Female,432 Mango Way,Madrid,Community of Madrid,Spain,28001,(304) 1045046,AAttwool47@apple.com.es
FAN-8546429,Abigail,Abigail,Furmagier,1993-11-13,,2020 Avocado St,Oslo,Oslo,Norway,10,(538) 8993560,AFurmagier0@outlook.com.no
FAN-8564819,Abigail,Abbigail,Danher,1974-07-23,,6171 Aspen Circle,Borough,NY,United States,43210,(309) 4372917,ADanher159@gmail.com
FAN-8573412,Aiden,Aidan,Barenskie,1983-08-09,Male,654  Guava Road,Zurich,Zurich,Switzerland,8001,(763) 9034153,ABarenskie15@yahoo.com.ch
FAN-8583850,Aiden,Adan,Lathaye,1992-02-23,Female,2222 Pomegranate St,Helsinki,Uusimaa,Finland,100,(558) 8528495,Aiden_Lathaye@hotmail.com.fi
FAN-8591059,Aiden,Adan,Horning,1972-03-27,,678  Coconut Circle,Montreal,QC,Canada,H2X 1Y6,(576) 9928019,AHorning225@gmail.com.ca
FAN-8622033,Aiden,Aidan,Sartin,,Male,321 Pomegranate Lane,Sydney,New South Wales,Australia,2000,,ASartin18@yahoo.com.au
FAN-8629846,Alexander,Aleksander,Gerssam,1996-10-25,Female,790  Birch Street,Zone,NY,United States,56789,(217) 4363554,Alexander.Gerssam@mail.com
FAN-8641093,Alexander,Aleksander,Worvell,,Female,789  Maple Drive,London,England,United Kingdom,W1A 1AA,(364) 8089920,AWorvell2@gmail.com.uk
FAN-8641535,Alexander,Alexzander,Wisniewski,1996-08-28,Nonbinary,819  Cedar Avenue,Everywhere,CA,United States,54321,(584) 4934402,AWisniewski154@gmail.com
FAN-8675384,Alexander,Alexzander,Eddington,1974-11-25,Female,4151 Redwood Drive,Outskirts,TX,United States,87654,(160) 3935893,AEddington63@yahoo.com
FAN-8677815,Andrew,Andrew,McAusland,2006-12-17,,789 Maple Drive,Nowhere,NY,United States,54321,,Andrew_McAusland@hotmail.com
FAN-8696017,Andrew,Andrew,O'Kinedy,2003-04-16,Female,567  Willow Way,Porto,Porto,Portugal,4050-481,(243) 8778565,Andrew_O'Kinedy@aol.com.pt
FAN-8703655,Andrew,Andreas,Crut,,Male,3636 Watermelon St,Madrid,Madrid,Spain,28001,(271) 3675592,Andrew_Crut@aol.com.es
FAN-8706494,Andrew,Andre,Bellon,,Male,801 Elm Road,Rotterdam,South Holland,Netherlands,3012 BN,(781) 5594207,Andrew_Bellon@aol.com.nl
FAN-8712304,Benjamin,Ben,Standall,1967-05-15,Female,210  Grape Lane,Locale,CA,United States,10987,(267) 9559993,BStandall124@gmail.com
FAN-8716664,Benjamin,Benjamen,Mullin,1995-03-27,,707  Willow Rd,Amsterdam,North Holland,Netherlands,1012 AB,,Benjamin.Mullin@mail.com.nl
FAN-8731197,Benjamin,Bennjamin,Nulty,,Female,234  Birch Lane,Lisbon,Lisbon,Portugal,1000-001,,BNulty165@apple.com.pt
FAN-8731778,Benjamin,Ben,Rockwell,2003-02-17,,567 Willow Way,Lisbon,Lisbon,Portugal,1000-001,,BRockwell242@apple.com.pt
FAN-8737687,Chloe,Cloe,Jessett,,Male,920  Maple Boulevard,Sector,TX,United States,23456,(824) 5490786,Chloe_Jessett@hotmail.com
FAN-8743159,Chloe,Khloe,Grantham,2001-08-05,Female,505 Willow Ln,Tokyo,,Japan,100-0001,,Chloe_Grantham@hotmail.com.jp
FAN-8771501,Chloe,Khloe,Durand,,Male,3939 Mango St,Zurich,Zurich,Switzerland,8001,(428) 5975311,CDurand114@apple.com.ch
FAN-8780478,Chloe,Chloe,Riccetti,1992-09-14,Nonbinary,4242  Blueberry St,Bucharest,Bucharest,Romania,50711,(407) 8018716,CRiccetti143@apple.com.ro
FAN-8801867,Christopher,Kristopher,McCumskay,2009-01-27,Nonbinary,606  Oak Ln,Doha,,Qatar,PO Box 25577,,Christopher_McCumskay@hotmail.com.qa
FAN-8832440,Christopher,Kristopher,Reyburn,1966-11-24,Female,7181 Willow Street,District,CA,United States,87654,(399) 1398760,Christopher.Reyburn@mail.com
FAN-8841312,Christopher,Christopher,Kinker,2009-05-08,Female,913 Cedar Street,Hamburg,Hamburg,Germany,20095,(271) 1930116,Christopher_Kinker@hotmail.com.de
FAN-8850457,Christopher,Krystoffer,Lace,1994-08-27,Male,920 Maple Boulevard,Community,NY,United States,23456,(822) 8066924,CLace193@apple.com
FAN-8877754,Daniel,Danial,Castelletto,1979-11-12,Female,123 Banana Road,Zurich,Zurich,Switzerland,8001,(834) 8951569,Daniel_Castelletto@hotmail.com.ch
FAN-8894871,Daniel,Danial,Dumini,1970-08-18,Male,3636  Watermelon St,Milan,Lombardy,Italy,20123,(505) 2359435,Daniel_Dumini@yahoo.com.it
FAN-8905198,Daniel,Daniell,Floodgate,1971-06-26,Female,2828 Raspberry St,Kyiv,Kyiv,Ukraine,1001,(734) 5938957,DFloodgate109@gmail.com.ua
FAN-8945561,Daniel,Danial,Leadstone,1962-03-25,Male,718 Willow Drive,Cluster,CA,United States,56789,(331) 9688809,Daniel.Leadstone@mail.com
FAN-8957898,Elizabeth,Lizbeth,Paler,1978-01-15,Female,2727 Papaya St,Bratislava,Bratislava,Slovakia,81101,(927) 2298865,Elizabeth_Paler@hotmail.com.sk
FAN-8971591,Elizabeth,Elizabith,Ellissen,1980-04-27,,9201  Maple Way,Everyville,CA,United States,98765,,EEllissen57@outlook.com
FAN-8994678,Elizabeth,Elisabeth,Angus,2000-08-16,Male,909  Elm Rd,Cairo,,Egypt,11519,(739) 1969888,Elizabeth_Angus@aol.com.eg
FAN-9001272,Elizabeth,Elizabith,Gebbe,2008-06-25,Female,987 Cedar Lane,Anywhere,NY,United States,87654,(824) 2558286,Elizabeth_Gebbe@hotmail.com
FAN-9006656,Emily,Emmaleigh,Colles,1981-01-22,Female,765 Pineapple Boulevard,Buenos Aires,Capital Federal,Argentina,C1107AAA,(687) 2179868,EColles207@outlook.com.ar
FAN-9065391,Emily,Emmaleigh,Loadwick,1957-10-17,,122  Cedar Lane,Berlin,,Germany,10178,(562) 1332549,ELoadwick182@gmail.com.de
FAN-9091170,Emily,Emily,Mizzen,,,5161  Birch Lane,Rome,Lazio,Italy,118,,EMizzen89@apple.com.it
FAN-9092701,Emily,Amelie,Grantham,1978-12-19,Male,2929 Strawberry St,Munich,Bavaria,Germany,80331,(313) 4461218,Emily_Grantham@hotmail.com.de
FAN-9130200,Emma,Emm,Abramino,2004-05-16,Female,505 Maple Ln,Vienna,,Austria,1010,,Emma_Abramino@yahoo.com.at
FAN-9135566,Emma,Emmah,MacCoughan,2004-12-28,Female,654 Birch Lane,Berlin,Berlin,Germany,10115,(768) 5802499,Emma_MacCoughan@hotmail.com.de
FAN-9144735,Emma,Emma,Coogan,,Male,617 Maple Lane,Sector,TX,United States,23456,(100) 2175345,ECoogan81@yahoo.com
FAN-9239338,Emma,Emm,Dillingston,,Male,445  Oak Road,Oslo,,Norway,180,(288) 8081913,EDillingston70@gmail.com.no
FAN-9243232,Ethan,Ethan,Simony,1975-06-20,Male,654 Aspen Boulevard,Megalopolis,TX,United States,56789,(231) 3456193,Ethan_Simony@hotmail.com
FAN-9245915,Ethan,Eitan,Jirusek,1992-12-15,,456  Apricot Drive,Cityville,TX,United States,98765,(253) 2463197,Ethan.Jirusek@mail.com
FAN-9248524,Ethan,Athan,Braxay,1987-08-27,Female,707  Pineapple St,Sector,NY,United States,56789,(697) 9546732,EBraxay94@outlook.com
FAN-9255968,Ethan,Eitan,Shirrell,,Colorado,788 Cedar Road,Paris,Ile-de-France,France,75001,(219) 2661186,EShirrell34@apple.com.fr
FAN-9265629,Grace,Grayce,Ekkel,1976-08-31,Female,1717  Blueberry St,Warsaw,,Poland,00-001,(157) 6918202,Grace.Ekkel@mail.com.pl
FAN-9308199,Grace,Greys,MacCoughan,,Female,321  Lemon Avenue,Uptown,CA,United States,56789,(740) 7255326,GMacCoughan120@yahoo.com
FAN-9376033,Grace,Grace,McCullagh,2001-10-04,Female,2626 Mango St,Sofia,Sofia-Capital,Bulgaria,1000,(925) 1082906,Grace.McCullagh@mail.com.bg
FAN-9378596,Grace,Greys,Gebbe,,,101 Elm St,Sydney,NSW,Australia,2000,(520) 2942496,Grace_Gebbe@gmail.com.au
FAN-9384303,Isabella,Izabella,Gabitis,,Male,1212  Orange St,Stockholm,Stockholm,Sweden,11120,(838) 7649441,Isabella_Gabitis@gmail.com.se
FAN-9396617,Isabella,Isabela,Royds,,Female,455  Maple Street,New York,NY,United States,10001,(454) 2919717,IRoyds40@outlook.com
FAN-9398170,Isabella,Ysabella,Randales,1987-07-24,Female,321 Elm Street,Paris,Ile-de-France,France,75001,(129) 1889935,IRandales242@gmail.com.fr
FAN-9411625,Isabella,Isabela,Killingsworth,1962-01-04,,678 Mango Lane,Brussels,Brussels,Belgium,1000,(168) 5313775,Isabella.Killingsworth@mail.com.be
FAN-9425182,James,Jaymz,McCuish,2005-03-02,Nonbinary,8191  Oak Boulevard,Anytown,CA,United States,12345,(663) 2931303,James_McCuish@aol.com
FAN-9432595,James,James,Exposito,1964-08-12,,3838 Coconut St,Lyon,Auvergne-Rhône-Alpes,France,69001,(393) 2992673,James_Exposito@hotmail.com.fr
FAN-9445680,James,James,Normanvill,1980-11-18,Male,8191 Oak Court,Locale,TX,United States,23456,(290) 6415206,JNormanvill56@outlook.com
FAN-9454297,James,Jaymz,Dunnan,,Female,5678  Cedar Road,Copenhagen,Capital Region,Denmark,1000,(641) 4855388,JDunnan141@yahoo.com.dk
FAN-9485968,Joseph,Josif,Pinches,1998-11-13,Male,468  Birch Street,Lisbon,Lisbon,Portugal,1600-001,,JPinches77@gmail.com.pt
FAN-9526001,Joseph,Josef,Rosin,1963-08-27,Male,321  Birch Drive,Berlin,,Germany,10115,(423) 9346022,Joseph_Rosin@gmail.com.de
FAN-9544449,Joseph,Jozef,Norman,1980-09-07,Female,246  Oakwood Lane,Mexico City,Ciudad de Mexico,Mexico,1000,(486) 7568506,Joseph_Norman@hotmail.com.mx
FAN-9606728,Joseph,Joseph,Tesimon,1970-02-05,,789  Cedar Rd,Lyon,Auvergne-Rhône-Alpes,France,69001,(421) 1356422,JTesimon123@yahoo.com.fr
FAN-9609644,Katherine,Katarina,Burtwistle,,Female,789 Kiwi Avenue,London,England,United Kingdom,W1F 7ED,(577) 9269599,KBurtwistle210@yahoo.com.uk
FAN-9612931,Katherine,Katarina,Emnoney,,Male,4141 Strawberry St,Prague,Prague,Czech Republic,110 00,,KEmnoney112@yahoo.com.cz
FAN-9660505,Katherine,Catherine,Hembrow,,,1414 Grape St,St. Petersburg,Leningrad Oblast,Russia,190000,,Katherine_Hembrow@aol.com.ru
FAN-9664582,Katherine,Catherine,Cholton,2010-03-15,,101  Cedar Rd,Istanbul,,Turkey,34110,(296) 4589549,KCholton172@outlook.com.tr
FAN-9699213,Lily,Lillie,Handyside,2010-01-13,Male,404  Elm St,Division,CA,United States,87654,(701) 7908334,LHandyside102@apple.com
FAN-9701199,Lily,Lilly,Duffin,1994-02-08,Female,1515 Strawberry St,Warsaw,Masovian Voivodeship,Poland,00-001,,LDuffin86@gmail.com.pl
FAN-9704369,Lily,Lillie,Allewell,,Male,124 Birch Road,Madrid,Community of Madrid,Spain,28001,(591) 1795511,Lily_Allewell@hotmail.com.es
FAN-9708177,Lily,Lili,Sargison,1966-08-07,Male,7181  Willow Street,Bratislava,Bratislava,Slovakia,81101,,LSargison230@yahoo.com.sk
FAN-9732021,Madison,Maddison,Oldman,1966-08-25,,667  Elm Lane,Madrid,Community of Madrid,Spain,28004,,MOldman133@outlook.com.es
FAN-9733696,Madison,Madison,Poles,1964-03-24,,2020  Avocado St,Liverpool,England,UK,L3 5TR,,MPoles27@apple.com.uk
FAN-9743416,Madison,Madisyn,Elloway,,Male,909  Banana St,Kyiv,Kyiv,Ukraine,1001,(762) 8568739,MElloway187@yahoo.com.ua
FAN-9753719,Madison,Madison,Coggan,,Male,235 Elm Lane,Barcelona,Catalonia,Spain,8001,(346) 8803997,MCoggan169@yahoo.com.es
FAN-9768711,Matthew,Matthew,Bodega,1989-09-07,Male,468 Birch Street,Paris,Ile-de-France,France,75001,(885) 7757055,Matthew.Bodega@mail.com.fr
FAN-9776469,Matthew,Mathew,Picton,1982-12-27,Male,3232  Kiwi St,Zurich,Zurich,Switzerland,8001,(951) 3569490,Matthew_Picton@aol.com.ch
FAN-9779268,Matthew,Matthieu,Askie,1977-09-02,,415 Willow Avenue,Zone,NY,United States,56789,,Matthew_Askie@hotmail.com
FAN-9783885,Matthew,Matthieu,Josupeit,,Male,802 Maple Drive,Munich,Bavaria,Germany,80331,(660) 7438463,Matthew_Josupeit@gmail.com.de
FAN-9794581,Michael,Michal,Smithson,2001-02-27,,579 Elm Road,Marseille,Provence-Alpes-Côte d'Azur,France,13001,(758) 4674647,Michael_Smithson@gmail.com.fr
FAN-9795274,Michael,Mikael,Rosenbaum,1999-09-25,Nonbinary,1818  Blackberry St,Munich,Bavaria,Germany,80335,(944) 1770929,MRosenbaum171@apple.com.de
FAN-9816331,Michael,Mikael,Borne,1992-03-29,Male,802  Maple Drive,Los Angeles,CA,USA,90001,(196) 7864151,Michael.Borne@mail.com
FAN-9827189,Michael,Mikael,Brownsword,,Male,789 Maple St,Madrid,Madrid,Spain,28001,,Michael.Brownsword@mail.com.es
FAN-9834315,Olivia,Alivia,Pirri,,Male,654  Aspen Boulevard,Marseille,Provence-Alpes-Côte d'Azur,France,13001,(849) 2438062,OPirri213@apple.com.fr
FAN-9847724,Olivia,Olivia,Cadlock,2005-10-05,Male,889 Maple Street,New York,NY,USA,10001,,OCadlock135@yahoo.com
FAN-9859192,Olivia,Alyvia,Causnett,1962-03-15,Female,123  Main Street,London,,United Kingdom,EC1A 1BB,(700) 9362691,Olivia_Causnett@gmail.com.uk
FAN-9886517,Olivia,Olyvia,Cruickshank,1998-01-25,Male,101  Elm St,Brussels,Brussels,Belgium,1000,(902) 5237442,Olivia_Cruickshank@yahoo.com.be
FAN-9901729,Samuel,Sam,Mendes,,Male,678 Coconut Circle,Madrid,Community of Madrid,Spain,28004,(477) 4370541,Samuel_Mendes@hotmail.com.es
FAN-9910621,Samuel,Samuell,Flatt,1960-07-17,Male,707 Maple Ave,Buenos Aires,,Argentina,C1002ABC,(560) 4292572,Samuel_Flatt@hotmail.com.ar
FAN-9913759,Samuel,Samuel,Rigeby,1994-05-08,Female,415 Elm Court,Block,CA,United States,87654,(676) 7637786,Samuel_Rigeby@hotmail.com
FAN-9915193,Samuel,Sam,Dethloff,1986-03-08,,404  Birch Rd,District,NY,United States,23456,(528) 9154405,Samuel_Dethloff@gmail.com
FAN-9915318,Sophia,Soffia,Burg,,,9101 Pine Drive,Villagetown,CA,United States,67890,(924) 6937956,Sophia_Burg@hotmail.com
FAN-9925460,Sophia,Sophia,Gee,1990-04-28,Female,678  Pine Drive,Los Angeles,CA,United States,90001,(524) 5889326,SGee211@gmail.com
FAN-9927994,Sophia,Sofiya,McMakin,,,344 Birch Avenue,Vancouver,BC,Canada,V6B 4Y8,(828) 4620413,Sophia_McMakin@hotmail.com.ca
FAN-9951084,Sophia,Sofia,Bolmann,1981-02-28,Male,345 Oak Street,Madrid,Community of Madrid,Spain,28001,(908) 7036120,Sophia_Bolmann@aol.com.es
FAN-9953546,William,Will,Pavel,2002-03-18,,456 Cedar Road,Urban,TX,United States,54321,(943) 6295757,WPavel33@yahoo.com
FAN-9956275,William,Will,Sircomb,1981-04-16,,432  Strawberry Court,Somewhereton,CA,United States,43210,,William_Sircomb@gmail.com
FAN-9958480,William,Guillermo,Aslum,1969-01-13,Nonbinary,567 Starfruit Avenue,Tokyo,Tokyo,Japan,100-0001,(379) 8574277,WAslum56@outlook.com.jp
FAN-9992068,William,Will,Thomann,1957-02-25,Nonbinary,778 Birch Road,Vancouver,BC,Canada,V6B 4Y8,(454) 9990520,William.Thomann@mail.com.ca