FanId,first_name,last_name,Email1,Email2
FAN-1029453,Abigayle,Torpie,ATorpie237@apple.com.uk,A_Torpie237@hotmail.com.uk
FAN-1031599,Abigail,Penkman,Abigail_Penkman@yahoo.com.sa,
FAN-1051279,Abigale,Boulton,ABoulton100@outlook.com.jp,
FAN-1071081,Abigayle,Eagell,Abigayle_Eagell@gmail.com.eg,
FAN-1077692,Adan,Braune,ABraune180@yahoo.com.it,A_Braune180@hotmail.com.it
FAN-1080305,Ayden,Walsom,AWalsom205@gmail.com.tr,
FAN-1118908,Aiden,Blaise,ABlaise225@gmail.com,A_Blaise225@hotmail.com
FAN-1139477,Adan,Brownsey,Adan_Brownsey@gmail.com.ar,Adan__Brownsey@hotmail.com.ar
FAN-1173911,Aleksander,Bester,Aleksander_Bester@hotmail.com,
FAN-1175288,Aleksander,Scotti,Aleksander_Scotti@aol.com.de,Aleksander__Scotti@hotmail.com.de
FAN-1234078,Alexander,Liccardi,Alexander_Liccardi@hotmail.com,Alexander__Liccardi@hotmail.com
FAN-1239497,Aleksander,Pinchbeck,Aleksander_Pinchbeck@hotmail.com.nl,Aleksander__Pinchbeck@hotmail.com.nl
FAN-1260526,Andrey,Sogg,Andrey.Sogg@mail.com.de,
FAN-1280995,Andreas,Daftor,Andreas.Daftor@mail.com,Andreas._Daftor@hotmail.com
FAN-1290448,Andreas,Bosden,Andreas_Bosden@hotmail.com,
FAN-1291177,Andrew,holmes,Andrew_holmes@hotmail.com.hu,Andrew__holmes@hotmail.com.hu
FAN-1293049,Benjamen,Harower,Benjamen_Harower@aol.com.de,Benjamen__Harower@hotmail.com.de
FAN-1293887,Benjamen,Van den Hof,BVandenHof212@outlook.com.gr,B_VandenHof212@hotmail.com.gr
FAN-1306732,Benjamin,Warde,Benjamin_Warde@hotmail.com,Benjamin__Warde@hotmail.com
FAN-1363046,Ben,Swane,BSwane11@gmail.com,
FAN-1372955,Cloe,Duffin,Cloe_Duffin@gmail.com.fr,
FAN-1389636,Cleo,Baxstar,Cleo_Baxstar@gmail.com.ar,Cleo__Baxstar@hotmail.com.ar
FAN-1394118,Cloe,Baynton,CBaynton218@gmail.com.uk,
FAN-1411626,Cloe,Guinan,Cloe_Guinan@gmail.com.be,Cloe__Guinan@hotmail.com.be
FAN-1447620,Kristopher,Myall,KMyall50@gmail.com.uk,
FAN-1502535,Christophe,Gook,Christophe_Gook@yahoo.com.uk,
FAN-1509417,Christopher,Magee,Christopher_Magee@yahoo.com.fr,
FAN-1525316,Krystoffer,Atack,Krystoffer.Atack@mail.com,
FAN-1543489,Dan,Dikels,DDikels64@yahoo.com,D_Dikels64@hotmail.com
FAN-1545374,Danial,Bilbrook,DBilbrook163@outlook.com,
FAN-1545810,Daniell,Hankey,DHankey99@gmail.com.ar,#N/A
FAN-1570540,Danial,Purbrick,DPurbrick202@outlook.com.gr,
FAN-1577132,Elisabeth,Filippov,Elisabeth_Filippov@hotmail.com.mx,
FAN-1582928,Lizbeth,Standeven,LStandeven188@outlook.com.ch,
FAN-1609646,Elizabith,Shirrell,Elizabith.Shirrell@mail.com.ca,Elizabith._Shirrell@hotmail.com.ca
FAN-1613492,Lizbeth,Vedenyapin,LVedenyapin184@gmail.com.mx,
FAN-1654512,Amelie,Cessford,ACessford212@yahoo.com,
FAN-1690386,Emily,Josephi,Emily_Josephi@yahoo.com.es,
FAN-1700571,Emmaleigh,Vallery,EVallery39@gmail.com.kr,
FAN-1733338,Emalee,Melladew,EMelladew181@apple.com.ca,E_Melladew181@hotmail.com.ca
FAN-1747986,Emmah,Pitson,Emmah_Pitson@aol.com,
FAN-1773000,Emmah,Lydden,ELydden55@yahoo.com.uk,E_Lydden55@gmail.com.uk
FAN-1793957,Ema,Brunsen,EBrunsen230@yahoo.com,
FAN-1794102,Emmah,Stritton,Emmah.Stritton@mail.com,Emmah._Stritton@hotmail.com
FAN-1797243,Athan,Grigolon,AGrigolon74@yahoo.com.jp,
FAN-1799995,Ethen,Legge,ELegge53@apple.com.fr,
FAN-1822456,Athan,Coggan,Athan_Coggan@hotmail.com.kr,
FAN-1837426,Ethen,Faragher,Ethen_Faragher@hotmail.com.pt,
FAN-1864252,Grace,Armit,Grace_Armit@aol.com.fr,
FAN-1868430,Grayce,Gentzsch,Grayce_Gentzsch@hotmail.com.pl,
FAN-1870592,Grace,Netherclift,Grace_Netherclift@gmail.com.ru,Grace__Netherclift@hotmail.com.ru
FAN-1876301,Greys,Nerheny,Greys_Nerheny@yahoo.com.at,Greys__Nerheny@hotmail.com.at
FAN-1880545,Izabella,Pearce,Izabella_Pearce@hotmail.com.pt,
FAN-1881461,Isabela,Braddick,Isabela_Braddick@aol.com,
FAN-1888427,Isabela,Sayre,Isabela.Sayre@mail.com.uk,
FAN-1891941,Isabela,Hoyles,Isabela.Hoyles@mail.com.uk,
FAN-1896032,Jaymz,Busk,Jaymz_Busk@aol.com.es,Jaymz__Busk@hotmail.com.es
FAN-1902015,Jaymz,Dwire,JDwire228@gmail.com.no,
FAN-1910648,Jaims,Jaye,Jaims_Jaye@hotmail.com.pt,Jaims__Jaye@hotmail.com.pt
FAN-1914303,James,Harmes,James_Harmes@hotmail.com,
FAN-1927587,Jozef,Reford,JReford241@apple.com.ru,
FAN-1940543,Jozef,Yockley,Jozef_Yockley@hotmail.com,Jozef__Yockley@hotmail.com
FAN-1949136,Josef,Batistelli,Josef_Batistelli@aol.com.es,
FAN-1958740,Jozef,Siehard,Jozef_Siehard@hotmail.com.uk,
FAN-1960402,Catherine,Baitey,CBaitey128@apple.com.it,
FAN-1960602,Katarina,Gudge,KGudge246@gmail.com,
FAN-1972995,Kathryn,Grubey,Kathryn_Grubey@gmail.com.it,Kathryn__Grubey@hotmail.com.it
FAN-2010151,Catherine,Rosenbaum,CRosenbaum221@gmail.com,
FAN-2010771,Lilly,Kinchington,Lilly_Kinchington@aol.com.hu,
FAN-2011048,Lillie,Camocke,LCamocke14@yahoo.com.fr,
FAN-2092843,Lili,Housbey,Lili_Housbey@hotmail.com,
FAN-2128618,Lili,Keech,LKeech237@apple.com.gr,LKeech2372@yahoo.com.gr
FAN-2139863,Madison,Radnedge,Madison_Radnedge@hotmail.com.br,Madison__Radnedge@hotmail.com.br
FAN-2142178,Madisyn,Cordeux,Madisyn_Cordeux@hotmail.com.ro,Madisyn__Cordeux@hotmail.com.ro
FAN-2182093,Madyson,Sayles,Madyson_Sayles@hotmail.com,Madyson__Sayles@hotmail.com
FAN-2238347,Maddison,Whatling,Maddison_Whatling@gmail.com.de,Maddison__Whatling@hotmail.com.de
FAN-2244761,Mateo,Ellesmere,Mateo.Ellesmere@mail.com.es,
FAN-2266113,Matthieu,Parram,Matthieu_Parram@yahoo.com.de,
FAN-2267294,Matthieu,Hammell,Matthieu.Hammell@mail.com.uk,Matthieu._Hammell@hotmail.com.uk
FAN-2285564,Matthieu,Cresswell,Matthieu_Cresswell@gmail.com,
FAN-2285853,Mikael,Kearn,Mikael.Kearn@mail.com,
FAN-2306653,Mikael,Spatoni,Mikael_Spatoni@hotmail.com.fr,
FAN-2319251,Mikel,Kellen,Mikel_Kellen@gmail.com,
FAN-2373198,Michael,Atling,Michael.Atling@mail.com.fr,Michael._Atling@hotmail.com.fr
FAN-2381532,Alivia,Fominov,Alivia_Fominov@gmail.com.mx,
FAN-2385979,Alyvia,Tiffin,Alyvia_Tiffin@aol.com.nl,ATiffin2@gmail.com.nl
FAN-2390444,Alyvia,Collihole,ACollihole244@outlook.com.it,
FAN-2410974,Olivia,Calbert,OCalbert37@outlook.com.sa,
FAN-2438043,Sam,Rawlings,SRawlings156@yahoo.com.it,
FAN-2453632,Samuelito,Oxborough,SOxborough11@outlook.com.cz,
FAN-2522326,Sam,Doby,SDoby167@yahoo.com.it,S_Doby167@hotmail.com.it
FAN-2584299,Samuelito,Styant,Samuelito.Styant@mail.com.at,Samuelito._Styant@hotmail.com.at
FAN-2585654,Sofia,Dreus,Sofia_Dreus@hotmail.com.nl,
FAN-2597100,Sofia,Van Dijk,Sofia_VanDijk@aol.com,
FAN-2602971,Sofia,Kerridge,SKerridge119@apple.com,
FAN-2609599,Soffia,Laverty,Soffia_Laverty@gmail.com.fr,
FAN-2662467,Willem,Hischke,Willem_Hischke@aol.com.mx,
FAN-2677231,William,Johanchon,William_Johanchon@gmail.com.de,
FAN-2697464,Guillermo,Phython,GPhython157@gmail.com,
FAN-2697595,Will,Sircomb,Will.Sircomb@mail.com.nl,
FAN-2720996,Abigale,Riccetti,ARiccetti33@gmail.com.it,
FAN-2741024,Abigayle,Tyas,Abigayle_Tyas@aol.com.es,
FAN-2742716,Abigail,Annett,AAnnett221@outlook.com.nl,
FAN-2768906,Abigayle,Crabb,ACrabb228@gmail.com.de,
FAN-2792670,Aidan,Christer,AChrister2@gmail.com.pt,A_Christer2@hotmail.com.pt
FAN-2799224,Adan,Laffling,ALaffling56@outlook.com.ca,
FAN-2810948,Aidan,Sartin,ASartin80@yahoo.com,A_Sartin80@hotmail.com
FAN-2811958,Ayden,Cush,Ayden_Cush@hotmail.com.dk,
FAN-2815399,Aleksander,McGinney,AMcGinney40@outlook.com.de,A_McGinney40@hotmail.com.de
FAN-2873227,Alaxander,Clarycott,Alaxander_Clarycott@hotmail.com.pl,
FAN-2912347,Alaxander,Navan,Alaxander_Navan@aol.com.rs,
FAN-2934219,Aleksander,Dempsey,ADempsey102@apple.com.es,
FAN-2959449,Andrew,Ickov,AIckov145@apple.com,
FAN-3003222,Andrew,Doby,Andrew.Doby@mail.com,Andrew._Doby@hotmail.com
FAN-3005348,Andre,Luard,ALuard130@outlook.com.mx,
FAN-3007236,Andrew,Coton,Andrew_Coton@aol.com,
FAN-3014429,Bennjamin,Douris,Bennjamin_Douris@yahoo.com,
FAN-3033395,Bennjamin,Badham,BBadham105@yahoo.com.de,
FAN-3046129,Benjamen,Sherrocks,Benjamen_Sherrocks@aol.com,
FAN-3076198,Bennjamin,Wellsman,BWellsman158@yahoo.com,
FAN-3084374,Chloe,Beacham,CBeacham36@gmail.com.ca,
FAN-3098704,Khloe,Vest,KVest216@gmail.com.dk,
FAN-3100350,Khloe,Eagland,Khloe_Eagland@yahoo.com,
FAN-3101105,Chloe,Cloake,CCloake43@outlook.com.es,C_Cloake43@hotmail.com.es
FAN-3152141,Christophe,Buddleigh,CBuddleigh63@apple.com.es,C_Buddleigh63@hotmail.com.es
FAN-3187507,Christophe,Screaton,Christophe_Screaton@hotmail.com,
FAN-3210151,Christopher,Gartell,CGartell86@outlook.com.uk,
FAN-3248800,Kristopher,Eschelle,KEschelle217@apple.com.co,K_Eschelle217@hotmail.com.co
FAN-3312849,Daniel,Breeton,Daniel_Breeton@aol.com.uk,Daniel__Breeton@hotmail.com.uk
FAN-3347106,Daniell,Morphet,DMorphet215@apple.com.be,
FAN-3383275,Daniel,Le Strange,Daniel.LeStrange@mail.com.nl,Daniel._LeStrange@hotmail.com.nl
FAN-3386074,Daniell,Vidler,Daniell_Vidler@hotmail.com,
FAN-3419281,Elizabith,Tivnan,Elizabith_Tivnan@hotmail.com.se,Elizabith__Tivnan@hotmail.com.se
FAN-3421186,Elizabith,Collecott,ECollecott102@yahoo.com.uk,
FAN-3433993,Lizbeth,Haville,LHaville43@gmail.com.hu,L_Haville43@hotmail.com.hu
FAN-3435455,Elisabeth,Casham,ECasham92@outlook.com.kw,E_Casham92@hotmail.com.kw
FAN-3447873,Emmaleigh,Jereatt,Emmaleigh_Jereatt@gmail.com,
FAN-3453369,Amelie,Filippov,AFilippov0@gmail.com.ca,
FAN-3454038,Emmaleigh,Perford,Emmaleigh_Perford@gmail.com,
FAN-3480833,Emily,Skipp,Emily_Skipp@gmail.com,
FAN-3503668,Emma,Lorie,Emma_Lorie@hotmail.com,
FAN-3535469,Ema,Aslum,Ema_Aslum@hotmail.com.kr,
FAN-3540412,Emm,O'Roan,EO'Roan17@yahoo.com,E_O'Roan17@hotmail.com
FAN-3546849,Emm,Fretwell,Emm_Fretwell@yahoo.com.fr,
FAN-3556696,Ethan,McGarrie,EMcGarrie182@yahoo.com.fr,
FAN-3563123,Athan,Smalley,Athan_Smalley@hotmail.com,
FAN-3566269,Eitan,Hobbert,Eitan_Hobbert@gmail.com,Eitan__Hobbert@hotmail.com
FAN-3574508,Eitan,Bothe,Eitan_Bothe@gmail.com.au,
FAN-3587425,Greys,Roddell,GRoddell142@apple.com.pt,
FAN-3627891,Grayce,Bailess,GBailess37@gmail.com.es,
FAN-3651555,Greys,Harbertson,Greys_Harbertson@aol.com.dk,
FAN-3652969,Gracie,Mabee,Gracie_Mabee@aol.com.it,
FAN-3671488,Isabella,Scintsbury,Isabella_Scintsbury@hotmail.com.de,Isabella__Scintsbury@hotmail.com.de
FAN-3708832,Isabella,Bedson,IBedson96@outlook.com.hu,
FAN-3738861,Isabela,Wenzel,Isabela_Wenzel@aol.com,
FAN-3749804,Isabella,Brotherwood,IBrotherwood40@yahoo.com,
FAN-3752631,Jaims,Allitt,JAllitt176@apple.com,J_Allitt176@hotmail.com
FAN-3768183,James,Excell,JExcell162@yahoo.com.fr,
FAN-3793988,Jaims,Drinkale,JDrinkale144@gmail.com.es,J_Drinkale144@hotmail.com.es
FAN-3803300,James,Pearl,JPearl232@yahoo.com.pt,
FAN-3821647,Josif,Shreeve,Josif_Shreeve@hotmail.com.pt,
FAN-3848921,Josef,Mobbs,Josef_Mobbs@aol.com,
FAN-3858351,Josef,Robottom,Josef_Robottom@hotmail.com.pt,Josef__Robottom@hotmail.com.pt
FAN-3884983,Jozef,Garter,JGarter128@outlook.com.nl,
FAN-3902228,Catherine,Perryn,Catherine_Perryn@gmail.com.nl,
FAN-3943223,Catherine,Asbury,Catherine.Asbury@mail.com.rs,Catherine._Asbury@hotmail.com.rs
FAN-3949120,Katarina,Ketteridge,KKetteridge169@yahoo.com.fr,K_Ketteridge169@hotmail.com.fr
FAN-3954535,Catherine,Stopforth,CStopforth41@gmail.com.nl,C_Stopforth41@hotmail.com.nl
FAN-3959601,Lily,Iacovides,Lily.Iacovides@mail.com.ru,
FAN-3961981,Lillie,Coton,LCoton123@yahoo.com.pl,
FAN-3982094,Lillie,Feveryear,Lillie_Feveryear@hotmail.com.ch,
FAN-3984236,Lillie,O'Reilly,LO'Reilly180@gmail.com,
FAN-3991804,Madison,Huntley,Madison_Huntley@aol.com,
FAN-3992782,Maddison,Knappitt,MKnappitt156@gmail.com.it,
FAN-4006863,Madison,Cast,Madison_Cast@gmail.com.at,Madison__Cast@hotmail.com.at
FAN-4039618,Madison,Ridler,MRidler139@outlook.com.at,
FAN-4052700,Matthieu,Balloch,Matthieu_Balloch@gmail.com.jp,
FAN-4064652,Matthew,Bradwell,Matthew_Bradwell@gmail.com.ru,
FAN-4071192,Matthieu,Melland,Matthieu_Melland@gmail.com.ru,
FAN-4106602,Mateo,Beat,Mateo_Beat@gmail.com,
FAN-4114651,Michael,Isherwood,Michael_Isherwood@aol.com,
FAN-4178110,Michael,Widdison,Michael_Widdison@yahoo.com.fr,Michael__Widdison@hotmail.com.fr
FAN-4249771,Michal,Walter,Michal.Walter@mail.com.cz,Michal._Walter@hotmail.com.cz
FAN-4256097,Michael,Robottom,MRobottom26@outlook.com.es,M_Robottom26@hotmail.com.es
FAN-4260800,Alivia,Zuker,Alivia_Zuker@aol.com.kr,
FAN-4271837,Alivia,Haggarth,Alivia_Haggarth@gmail.com.pl,
FAN-4288380,Olyvia,Cardoo,Olyvia_Cardoo@yahoo.com.es,
FAN-4366191,Olyvia,Mustoo,Olyvia_Mustoo@hotmail.com,
FAN-4417821,Samuelito,Trowell,STrowell179@gmail.com,S_Trowell179@hotmail.com
FAN-4443492,Sam,Luety,Sam_Luety@yahoo.com.es,Sam__Luety@hotmail.com.es
FAN-4473215,Sam,Dumbrall,Sam_Dumbrall@aol.com,Sam__Dumbrall@hotmail.com
FAN-4487222,Samuel,Moppett,SMoppett192@apple.com.es,S_Moppett192@hotmail.com.es
FAN-4493681,Sofia,Beszant,SBeszant14@outlook.com,
FAN-4502391,Sofia,Presidey,Sofia.Presidey@mail.com,
FAN-4507538,Sofia,Fooks,Sofia_Fooks@aol.com.se,
FAN-4546736,Sophia,Douris,Sophia_Douris@yahoo.com.ar,
FAN-4585835,Willem,Jones,WJones170@apple.com.kw,
FAN-4609141,Willem,Gabitis,WGabitis237@outlook.com.se,
FAN-4621006,Will,Gynni,Will_Gynni@hotmail.com.ca,
FAN-4624515,Guillermo,Dewick,Guillermo_Dewick@hotmail.com,
FAN-4631058,Abigayle,Goodley,Abigayle_Goodley@yahoo.com.pt,
FAN-4648879,Abigayle,Cinnamond,Abigayle_Cinnamond@aol.com.pt,
FAN-4653087,Abigale,Tourry,Abigale_Tourry@yahoo.com.fi,
FAN-4694466,Abigale,Jouandet,Abigale_Jouandet@yahoo.com.uk,Abigale__Jouandet@hotmail.com.uk
FAN-4748204,Adan,Ox,Adan_Ox@hotmail.com.de,
FAN-4760490,Adan,Gritskov,AGritskov181@gmail.com.be,
FAN-4774750,Ayden,Sparsholt,Ayden.Sparsholt@mail.com.it,Ayden._Sparsholt@hotmail.com.it
FAN-4786451,Ayden,Guinan,AGuinan121@gmail.com.ae,
FAN-4794615,Alaxander,Attwoull,AAttwoull145@yahoo.com.fr,
FAN-4812257,Alexzander,Ivashkov,AIvashkov39@gmail.com.se,A_Ivashkov39@hotmail.com.se
FAN-4816003,Aleksander,Juckes,Aleksander_Juckes@aol.com,
FAN-4821689,Aleksander,Dinsdale,ADinsdale29@gmail.com.nl,
FAN-4846480,Andrey,Cullingford,ACullingford107@gmail.com.ca,A_Cullingford107@hotmail.com.ca
FAN-4856255,Andre,Brodley,ABrodley6@yahoo.com.at,A_Brodley6@hotmail.com.at
FAN-4876744,Andrew,Silversmid,Andrew_Silversmid@yahoo.com,
FAN-4899454,Andrey,Acey,AAcey220@yahoo.com.uk,
FAN-4912460,Bennjamin,Searby,Bennjamin.Searby@mail.com.ru,
FAN-4931307,Ben,Chiechio,BChiechio171@apple.com.be,
FAN-4935652,Benjamin,Turland,BTurland16@apple.com.kr,
FAN-4945909,Bennjamin,Boriston,Bennjamin.Boriston@mail.com.uk,
FAN-4961949,Cloe,Borrill,CBorrill242@apple.com.dk,C_Borrill242@hotmail.com.dk
FAN-4979379,Cleo,Devita,Cleo_Devita@hotmail.com.es,
FAN-5011491,Chloe,Collingridge,Chloe_Collingridge@hotmail.com.es,
FAN-5012641,Cleo,Walch,Cleo_Walch@hotmail.com.ca,Cleo__Walch@hotmail.com.ca
FAN-5021721,Christophe,Extil,Christophe_Extil@aol.com,
FAN-5044681,Christophe,Nisby,CNisby39@yahoo.com.pt,C_Nisby39@hotmail.com.pt
FAN-5092760,Kristopher,Pellitt,KPellitt205@yahoo.com,
FAN-5094783,Christopher,Warland,Christopher.Warland@mail.com.kr,
FAN-5102264,Daniel,Houseago,Daniel.Houseago@mail.com.es,Daniel._Houseago@hotmail.com.es
FAN-5108571,Danial,Oyley,Danial_Oyley@hotmail.com.hu,Danial__Oyley@hotmail.com.hu
FAN-5108806,Daniell,Boldero,DBoldero116@yahoo.com.jp,
FAN-5135309,Danial,Discombe,DDiscombe32@outlook.com.de,
FAN-5177054,Lizbeth,Smees,Lizbeth_Smees@gmail.com.pt,Lizbeth__Smees@hotmail.com.pt
FAN-5194773,Elisabeth,Esposita,Elisabeth_Esposita@gmail.com.es,
FAN-5213371,Elizabeth,Percival,EPercival59@outlook.com,E_Percival59@hotmail.com
FAN-5241210,Elizabeth,Loffel,Elizabeth_Loffel@yahoo.com,Elizabeth__Loffel@hotmail.com
FAN-5296137,Emmaleigh,Hendin,Emmaleigh_Hendin@yahoo.com,Emmaleigh__Hendin@hotmail.com
FAN-5337461,Emalee,Buxton,Emalee.Buxton@mail.com,Emalee._Buxton@hotmail.com
FAN-5338519,Emalee,Geraudel,EGeraudel104@yahoo.com,E_Geraudel104@hotmail.com
FAN-5346857,Emily,Gisburn,Emily_Gisburn@hotmail.com.fi,Emily__Gisburn@hotmail.com.fi
FAN-5380231,Emm,Sheers,Emm_Sheers@aol.com,
FAN-5404908,Ema,Lefwich,Ema_Lefwich@hotmail.com.uk,
FAN-5424532,Ema,Hannabus,Ema_Hannabus@aol.com,
FAN-5429490,Emmah,Arrington,Emmah_Arrington@hotmail.com,Emmah__Arrington@hotmail.com
FAN-5452841,Ethan,Vautier,Ethan_Vautier@yahoo.com.nl,
FAN-5475271,Athan,Treske,ATreske157@gmail.com,
FAN-5518568,Ethan,Tireman,Ethan_Tireman@hotmail.com.ae,
FAN-5532874,Ethen,Phinn,Ethen.Phinn@mail.com.uk,
FAN-5549789,Grace,Stucke,Grace_Stucke@yahoo.com.ru,
FAN-5577886,Grace,McPolin,GMcPolin172@yahoo.com.es,
FAN-5580824,Greys,Geane,GGeane9@apple.com.ru,
FAN-5582393,Greys,Keers,Greys_Keers@aol.com,
FAN-5616515,Izabella,Gilchrist,Izabella_Gilchrist@aol.com.fr,Izabella__Gilchrist@hotmail.com.fr
FAN-5630273,Izabella,Nazareth,Izabella_Nazareth@aol.com.ca,Izabella__Nazareth@hotmail.com.ca
FAN-5641799,Isabela,Andreu,Isabela.Andreu@mail.com,Isabela._Andreu@hotmail.com
FAN-5646890,Isabela,Ruselin,IRuselin132@apple.com,
FAN-5682181,Jaims,Bedham,Jaims_Bedham@hotmail.com.be,Jaims__Bedham@hotmail.com.be
FAN-5684079,Jaymes,Batter,Jaymes_Batter@gmail.com.br,
FAN-5698447,Jaymes,Billison,Jaymes.Billison@mail.com.hr,
FAN-5711714,Jaymes,Sharrock,JSharrock50@outlook.com.es,
FAN-5716145,Josef,Pybworth,Josef.Pybworth@mail.com.br,
FAN-5719268,Josif,Huke,Josif_Huke@hotmail.com.pt,
FAN-5725845,Josef,Crisell,Josef_Crisell@hotmail.com.it,
FAN-5733546,Josef,Dillet,JDillet22@yahoo.com.uk,
FAN-5794849,Catherine,Fawlks,Catherine_Fawlks@gmail.com.nl,
FAN-5842090,Catherine,Vasilov,CVasilov29@yahoo.com,
FAN-5846137,Kathryn,Turmell,Kathryn.Turmell@mail.com.de,
FAN-5857056,Kathryn,Platfoot,Kathryn_Platfoot@gmail.com.de,
FAN-5891463,Lili,Honniebal,LHonniebal243@gmail.com.es,L_Honniebal243@hotmail.com.es
FAN-5965623,Lily,Corbally,Lily_Corbally@aol.com.jp,
FAN-5974286,Lillie,Fullerton,LFullerton188@gmail.com,
FAN-5994508,Lili,Isack,Lili_Isack@aol.com.gr,
FAN-6026267,Maddison,Ridhole,MRidhole218@gmail.com.br,
FAN-6038732,Madison,Leithgoe,MLeithgoe38@outlook.com.es,
FAN-6069281,Maddison,Organer,MOrganer166@gmail.com.br,
FAN-6081319,Madisyn,Dolley,MDolley19@yahoo.com.ch,
FAN-6120777,Mateo,Acres,Mateo_Acres@hotmail.com.fi,
FAN-6159792,Mathew,Amberson,MAmberson234@gmail.com.it,
FAN-6175585,Matthieu,Geaves,Matthieu.Geaves@mail.com.pt,Matthieu._Geaves@hotmail.com.pt
FAN-6181985,Mathew,Klesse,Mathew_Klesse@aol.com,
FAN-6192922,Michal,Noller,MNoller248@gmail.com.at,
FAN-6213345,Michal,Chiechio,Michal_Chiechio@gmail.com.dk,
FAN-6217413,Mikael,Robley,MRobley226@gmail.com,
FAN-6217465,Michael,Ridder,MRidder19@gmail.com,
FAN-6246845,Alivia,Wardhaw,Alivia_Wardhaw@gmail.com.dk,
FAN-6274921,Alyvia,A'Barrow,Alyvia_A'Barrow@hotmail.com.fr,
FAN-6285208,Alivia,Jones,AJones136@apple.com.fr,
FAN-6312582,Olivia,Bodega,OBodega28@gmail.com.de,O_Bodega28@hotmail.com.de
FAN-6313568,Samuell,Georgeon,Samuell.Georgeon@mail.com.fr,
FAN-6320785,Samuell,Atton,SAtton122@gmail.com,
FAN-6322324,Sam,Hulett,Sam_Hulett@aol.com.cz,Sam__Hulett@hotmail.com.cz
FAN-6326306,Sam,Ticehurst,Sam_Ticehurst@hotmail.com.ca,
FAN-6401003,Sofiya,Sobtka,SSobtka184@gmail.com.fr,S_Sobtka184@hotmail.com.fr
FAN-6403070,Soffia,Haws,Soffia_Haws@gmail.com.uk,
FAN-6429699,Soffia,Forkan,SForkan170@yahoo.com.br,S_Forkan170@hotmail.com.br
FAN-6443902,Soffia,Flockhart,Soffia_Flockhart@yahoo.com,
FAN-6446029,Willem,Geekie,Willem_Geekie@hotmail.com.de,
FAN-6452215,Will,McKaile,Will_McKaile@gmail.com.hu,
FAN-6556632,Guillermo,Trevena,Guillermo_Trevena@yahoo.com,
FAN-6556996,Willem,Zelley,Willem_Zelley@gmail.com.kr,Willem__Zelley@hotmail.com.kr
FAN-6563416,Abigale,Airton,AAirton130@outlook.com.fr,
FAN-6588568,Abigale,Mills,AMills153@yahoo.com.jp,
FAN-6609153,Abigale,Bengoechea,ABengoechea232@apple.com,
FAN-6610302,Abigale,Thoresbie,Abigale_Thoresbie@yahoo.com.it,
FAN-6611727,Aidan,Reisenstein,Aidan_Reisenstein@yahoo.com.jp,Aidan__Reisenstein@hotmail.com.jp
FAN-6612908,Aiden,Baumert,ABaumert75@apple.com.dk,A_Baumert75@hotmail.com.dk
FAN-6619778,Aiden,Penwarden,Aiden_Penwarden@hotmail.com.de,
FAN-6632248,Aidan,Gonsalo,AGonsalo237@gmail.com.es,A_Gonsalo237@hotmail.com.es
FAN-6641977,Alexzander,Harbert,Alexzander_Harbert@yahoo.com,Alexzander__Harbert@hotmail.com
FAN-6663233,Aleksander,Sextie,Aleksander_Sextie@aol.com.es,
FAN-6692229,Alexzander,Isaq,Alexzander_Isaq@hotmail.com.uk,
FAN-6710162,Aleksander,Lokier,ALokier34@gmail.com.es,A_Lokier34@hotmail.com.es
FAN-6710556,Andreas,Townsend,Andreas.Townsend@mail.com.sg,
FAN-6712707,Andrew,McVicker,AMcVicker5@yahoo.com.cz,
FAN-6719098,Andre,Alekseicik,Andre_Alekseicik@hotmail.com.ca,Andre__Alekseicik@hotmail.com.ca
FAN-6773409,Andre,Hitter,AHitter165@apple.com.it,A_Hitter165@hotmail.com.it
FAN-6797746,Benjamen,Batistelli,BBatistelli30@gmail.com.de,
FAN-6806240,Benjamin,Ruddle,Benjamin_Ruddle@gmail.com,
FAN-6806930,Benjamen,Petschel,BPetschel153@apple.com,B_Petschel153@hotmail.com
FAN-6841199,Benjamen,Exposito,Benjamen_Exposito@hotmail.com,
FAN-6851460,Cloe,Dederick,Cloe.Dederick@mail.com.fr,
FAN-6868722,Chloe,Docherty,Chloe_Docherty@gmail.com,
FAN-6879382,Khloe,Klaff,Khloe_Klaff@hotmail.com.es,Khloe__Klaff@hotmail.com.es
FAN-6884009,Cleo,Wornum,Cleo_Wornum@gmail.com.pt,
FAN-6923316,Kristopher,Knapper,KKnapper200@yahoo.com,K_Knapper200@hotmail.com
FAN-6969291,Kristopher,Chiechio,Kristopher.Chiechio@mail.com,Kristopher._Chiechio@hotmail.com
FAN-6991462,Krystoffer,Arnaudon,KArnaudon169@outlook.com.mx,
FAN-7007002,Kristopher,Flude,Kristopher_Flude@gmail.com,
FAN-7032518,Danial,Bartell,Danial.Bartell@mail.com.uk,
FAN-7033922,Daniel,Fitzgerald,Daniel.Fitzgerald@mail.com.pt,Daniel._Fitzgerald@hotmail.com.pt
FAN-7079135,Dan,Posnette,DPosnette203@apple.com.nl,
FAN-7083006,Daniell,Senner,Daniell_Senner@hotmail.com.kr,
FAN-7106045,Elisabeth,Bather,Elisabeth_Bather@hotmail.com.gr,
FAN-7113971,Elisabeth,Belleny,Elisabeth.Belleny@mail.com.se,
FAN-7127838,Elisabeth,Bouttell,EBouttell24@yahoo.com.fr,
FAN-7146245,Lizbeth,Tennet,LTennet28@outlook.com.cn,
FAN-7160701,Emily,Ebi,EEbi119@outlook.com.at,
FAN-7165972,Emily,Kaufman,Emily.Kaufman@mail.com.kr,
FAN-7196370,Emily,Berthot,Emily_Berthot@hotmail.com.nl,
FAN-7216049,Emalee,Bolver,EBolver224@yahoo.com.bg,
FAN-7222926,Emm,Castanares,ECastanares233@gmail.com.ru,E_Castanares233@hotmail.com.ru
FAN-7227009,Ema,Pomroy,Ema_Pomroy@gmail.com.kr,
FAN-7237221,Ema,Florey,EFlorey86@apple.com.fr,E_Florey86@hotmail.com.fr
FAN-7258700,Emmah,Bentzen,Emmah_Bentzen@yahoo.com.de,
FAN-7265098,Ethen,Baitey,Ethen_Baitey@gmail.com,Ethen__Baitey@hotmail.com
FAN-7276113,Eitan,Sine,ESine174@apple.com.es,
FAN-7332220,Eitan,Fifield,Eitan_Fifield@aol.com.jp,#N/A
FAN-7337276,Eitan,Kirkham,EKirkham182@outlook.com,E_Kirkham182@hotmail.com
FAN-7393798,Grayce,MacAlees,Grayce_MacAlees@hotmail.com.gr,
FAN-7398051,Grayce,Bingley,Grayce.Bingley@mail.com,Grayce._Bingley@hotmail.com
FAN-7398975,Greys,Hefferon,Greys_Hefferon@gmail.com.ca,
FAN-7404798,Gracie,Gee,GGee218@outlook.com,
FAN-7405266,Isabella,Purton,Isabella_Purton@gmail.com.uk,
FAN-7409534,Isabela,Spottiswoode,Isabela.Spottiswoode@mail.com.ar,Isabela._Spottiswoode@hotmail.com.ar
FAN-7419788,Isabella,Finicj,IFinicj154@yahoo.com,
FAN-7430898,Izabella,Hassen,Izabella_Hassen@hotmail.com.it,
FAN-7460020,James,Cranshaw,James_Cranshaw@gmail.com.es,James__Cranshaw@hotmail.com.es
FAN-7468232,Jaymes,Whatling,Jaymes_Whatling@aol.com.jp,
FAN-7471670,James,Shuttlewood,James.Shuttlewood@mail.com,James._Shuttlewood@hotmail.com
FAN-7472458,Jaymz,Downe,JDowne110@apple.com.de,
FAN-7491155,Josif,Burg,Josif_Burg@yahoo.com,
FAN-7495136,Josef,Roddell,Josef_Roddell@yahoo.com.pt,
FAN-7560477,Josif,Lease,JLease198@yahoo.com.br,J_Lease198@hotmail.com.br
FAN-7575571,Jozef,Schiefersten,JSchiefersten48@apple.com.se,
FAN-7603796,Katherine,Bengoechea,KBengoechea171@apple.com.jp,K_Bengoechea171@hotmail.com.jp
FAN-7666021,Katarina,Bushe,Katarina_Bushe@aol.com.ch,
FAN-7723409,Catherine,Kisbee,Catherine_Kisbee@hotmail.com.it,
FAN-7778109,Kathryn,Usherwood,KUsherwood229@apple.com.co,K_Usherwood229@hotmail.com.co
FAN-7778510,Lillie,McCahey,LMcCahey83@yahoo.com.fr,L_McCahey83@hotmail.com.fr
FAN-7830774,Lillie,Osler,LOsler11@outlook.com.de,
FAN-7833074,Lily,MacGillavery,Lily_MacGillavery@yahoo.com.jp,
FAN-7834184,Lilly,Camus,Lilly_Camus@hotmail.com.de,
FAN-7834466,Maddison,Zucker,MZucker92@yahoo.com.mx,M_Zucker92@hotmail.com.mx
FAN-7870436,Madyson,Dibdale,Madyson.Dibdale@mail.com.no,
FAN-7886505,Madisyn,Vautier,Madisyn.Vautier@mail.com.es,Madisyn._Vautier@hotmail.com.es
FAN-7917767,Maddison,Ierland,Maddison.Ierland@mail.com.uk,
FAN-7923265,Mateo,Ferron,MFerron87@yahoo.com.jp,
FAN-7939695,Matthieu,Lathaye,MLathaye37@gmail.com.ar,M_Lathaye37@hotmail.com.ar
FAN-8052991,Mateo,Luard,Mateo_Luard@aol.com.es,Mateo__Luard@hotmail.com.es
FAN-8078831,Mateo,Brumham,Mateo_Brumham@hotmail.com.uk,Mateo__Brumham@hotmail.com.uk
FAN-8080002,Mikel,Linfield,MLinfield224@outlook.com,
FAN-8090324,Michael,Reford,MReford248@outlook.com,
FAN-8107529,Mikael,Kristoffersson,MKristoffersson97@gmail.com.uk,
FAN-8143164,Michael,Tennet,Michael_Tennet@hotmail.com.gr,
FAN-8145102,Alivia,Hembrow,AHembrow146@outlook.com.be,
FAN-8155684,Alyvia,Kwiek,Alyvia_Kwiek@hotmail.com.ca,Alyvia__Kwiek@hotmail.com.ca
FAN-8158333,Alivia,Renfield,Alivia_Renfield@aol.com.gr,Alivia__Renfield@hotmail.com.gr
FAN-8182403,Olyvia,Tomaszek,OTomaszek231@outlook.com.ar,
FAN-8198382,Samuel,Vardey,SVardey47@outlook.com,S_Vardey47@hotmail.com
FAN-8252780,Sam,MacLucais,SMacLucais189@yahoo.com,
FAN-8259192,Sam,Wolfarth,Sam_Wolfarth@aol.com.fr,Sam__Wolfarth@hotmail.com.fr
FAN-8293439,Samuell,Buie,SBuie23@yahoo.com.cn,S_Buie23@hotmail.com.cn
FAN-8366014,Sofiya,McBrearty,Sofiya_McBrearty@yahoo.com.br,
FAN-8379456,Sophia,Falls,Sophia_Falls@gmail.com,
FAN-8391028,Sofiya,Royce,SRoyce151@yahoo.com.it,
FAN-8396198,Soffia,Neave,Soffia_Neave@hotmail.com.hr,
FAN-8425559,Willem,Gartsyde,WGartsyde221@apple.com.au,
FAN-8432214,Willem,Prowse,Willem_Prowse@hotmail.com.it,
FAN-8476294,William,Whiskerd,WWhiskerd239@outlook.com.pt,
FAN-8492379,Willem,Divine,Willem_Divine@yahoo.com.ca,Willem__Divine@hotmail.com.ca
FAN-8495678,Abigale,Watling,AWatling86@outlook.com.es,
FAN-8500853,Abigayle,Attwool,AAttwool105@apple.com.es,#N/A
FAN-8546429,Abbigail,Furmagier,Abbigail_Furmagier@gmail.com.no,
FAN-8564819,Abigale,Danher,Abigale_Danher@yahoo.com,
FAN-8573412,Adan,Barenskie,Adan_Barenskie@aol.com.ch,
FAN-8583850,Ayden,Lathaye,ALathaye237@outlook.com.fi,
FAN-8591059,Ayden,Horning,AHorning69@outlook.com.ca,
FAN-8622033,Ayden,Sartin,Ayden.Sartin@mail.com.au,
FAN-8629846,Alexander,Gerssam,Alexander_Gerssam@yahoo.com,Alexander__Gerssam@hotmail.com
FAN-8641093,Alexzander,Worvell,Alexzander_Worvell@aol.com.uk,
FAN-8641535,Alexzander,Wisniewski,AWisniewski183@outlook.com,A_Wisniewski183@hotmail.com
FAN-8675384,Alexzander,Eddington,AEddington84@apple.com,
FAN-8677815,Andreas,McAusland,Andreas_McAusland@gmail.com,
FAN-8696017,Andrew,O'Kinedy,AO'Kinedy59@outlook.com.pt,
FAN-8703655,Andrey,Crut,Andrey_Crut@yahoo.com.es,
FAN-8706494,Andreas,Bellon,Andreas_Bellon@aol.com.nl,
FAN-8712304,Ben,Standall,BStandall192@apple.com,
FAN-8716664,Benjamen,Mullin,BMullin237@yahoo.com.nl,
FAN-8731197,Ben,Nulty,Ben_Nulty@yahoo.com.pt,Ben__Nulty@hotmail.com.pt
FAN-8731778,Benjamen,Rockwell,BRockwell141@gmail.com.pt,
FAN-8737687,Khloe,Jessett,KJessett35@gmail.com,
FAN-8743159,Chloe,Grantham,CGrantham219@yahoo.com.jp,
FAN-8771501,Cleo,Durand,CDurand124@outlook.com.ch,
FAN-8780478,Cleo,Riccetti,CRiccetti205@outlook.com.ro,
FAN-8801867,Christophe,McCumskay,Christophe_McCumskay@hotmail.com.qa,
FAN-8832440,Kristopher,Reyburn,Kristopher_Reyburn@aol.com,
FAN-8841312,Christophe,Kinker,Christophe_Kinker@hotmail.com.de,
FAN-8850457,Kristopher,Lace,Kristopher.Lace@mail.com,Kristopher._Lace@hotmail.com
FAN-8877754,Dan,Castelletto,Dan_Castelletto@hotmail.com.ch,
FAN-8894871,Daniel,Dumini,Daniel_Dumini@aol.com.it,Daniel__Dumini@hotmail.com.it
FAN-8905198,Daniel,Floodgate,DFloodgate81@outlook.com.ua,
FAN-8945561,Daniell,Leadstone,DLeadstone170@outlook.com,
FAN-8957898,Elisabeth,Paler,Elisabeth_Paler@gmail.com.sk,
FAN-8971591,Elizabith,Ellissen,Elizabith_Ellissen@gmail.com,
FAN-8994678,Elizabeth,Angus,Elizabeth.Angus@mail.com.eg,
FAN-9001272,Elizabith,Gebbe,Elizabith_Gebbe@yahoo.com,Elizabith__Gebbe@hotmail.com
FAN-9006656,Amelie,Colles,Amelie.Colles@mail.com.ar,
FAN-9065391,Amelie,Loadwick,ALoadwick156@apple.com.de,A_Loadwick156@hotmail.com.de
FAN-9091170,Amelie,Mizzen,Amelie_Mizzen@hotmail.com.it,
FAN-9092701,Emmaleigh,Grantham,Emmaleigh_Grantham@hotmail.com.de,
FAN-9130200,Emm,Abramino,Emm_Abramino@hotmail.com.at,
FAN-9135566,Emma,MacCoughan,EMacCoughan223@gmail.com.de,
FAN-9144735,Emm,Coogan,Emm_Coogan@hotmail.com,
FAN-9239338,Ema,Dillingston,Ema.Dillingston@mail.com.no,
FAN-9243232,Eitan,Simony,Eitan_Simony@gmail.com,Eitan__Simony@hotmail.com
FAN-9245915,Athan,Jirusek,AJirusek40@outlook.com,
FAN-9248524,Ethen,Braxay,Ethen_Braxay@aol.com,
FAN-9255968,Eitan,Shirrell,Eitan_Shirrell@gmail.com.fr,
FAN-9265629,Grayce,Ekkel,Grayce_Ekkel@hotmail.com.pl,
FAN-9308199,Gracie,MacCoughan,GMacCoughan157@outlook.com,
FAN-9376033,Grace,McCullagh,Grace_McCullagh@hotmail.com.bg,
FAN-9378596,Grace,Gebbe,GGebbe50@outlook.com.au,G_Gebbe50@hotmail.com.au
FAN-9384303,Isabela,Gabitis,IGabitis65@yahoo.com.se,I_Gabitis65@hotmail.com.se
FAN-9396617,Ysabella,Royds,Ysabella_Royds@yahoo.com,
FAN-9398170,Isabella,Randales,Isabella_Randales@hotmail.com.fr,
FAN-9411625,Ysabella,Killingsworth,Ysabella.Killingsworth@mail.com.be,
FAN-9425182,Jaymes,McCuish,Jaymes_McCuish@gmail.com,
FAN-9432595,James,Exposito,JExposito1@apple.com.fr,
FAN-9445680,Jaims,Normanvill,JNormanvill145@gmail.com,J_Normanvill145@hotmail.com
FAN-9454297,James,Dunnan,JDunnan222@gmail.com.dk,
FAN-9485968,Josif,Pinches,Josif_Pinches@yahoo.com.pt,
FAN-9526001,Joseph,Rosin,Joseph_Rosin@gmail.com.de,Joseph__Rosin@hotmail.com.de
FAN-9544449,Joseph,Norman,JNorman147@yahoo.com.mx,
FAN-9606728,Josef,Tesimon,JTesimon156@gmail.com.fr,
FAN-9609644,Katarina,Burtwistle,KBurtwistle194@gmail.com.uk,
FAN-9612931,Katarina,Emnoney,KEmnoney213@apple.com.cz,
FAN-9660505,Kathryn,Hembrow,Kathryn_Hembrow@hotmail.com.ru,Kathryn__Hembrow@hotmail.com.ru
FAN-9664582,Kathryn,Cholton,Kathryn_Cholton@gmail.com.tr,
FAN-9699213,Lillie,Handyside,Lillie_Handyside@gmail.com,
FAN-9701199,Lillie,Duffin,Lillie_Duffin@gmail.com.pl,
FAN-9704369,Lili,Allewell,Lili.Allewell@mail.com.es,
FAN-9708177,Lilly,Sargison,LSargison44@yahoo.com.sk,
FAN-9732021,Madisyn,Oldman,MOldman193@yahoo.com.es,M_Oldman193@hotmail.com.es
FAN-9733696,Maddison,Poles,Maddison_Poles@hotmail.com.uk,
FAN-9743416,Madyson,Elloway,MElloway101@apple.com.ua,
FAN-9753719,Madisyn,Coggan,Madisyn.Coggan@mail.com.es,MCoggan0@yahoo.com.es
FAN-9768711,Matthieu,Bodega,MBodega126@outlook.com.fr,M_Bodega126@hotmail.com.fr
FAN-9776469,Matthieu,Picton,MPicton241@gmail.com.ch,
FAN-9779268,Matthew,Askie,Matthew_Askie@hotmail.com,
FAN-9783885,Matthieu,Josupeit,MJosupeit79@gmail.com.de,
FAN-9794581,Michal,Smithson,MSmithson80@outlook.com.fr,M_Smithson80@hotmail.com.fr
FAN-9795274,Mikael,Rosenbaum,Mikael_Rosenbaum@aol.com.de,
FAN-9816331,Michal,Borne,MBorne45@yahoo.com,
FAN-9827189,Michael,Brownsword,Michael_Brownsword@hotmail.com.es,Michael__Brownsword@gmail.com.es
FAN-9834315,Olyvia,Pirri,Olyvia_Pirri@aol.com.fr,
FAN-9847724,Olyvia,Cadlock,OCadlock240@apple.com,O_Cadlock240@hotmail.com
FAN-9859192,Olivia,Causnett,Olivia_Causnett@yahoo.com.uk,
FAN-9886517,Alivia,Cruickshank,ACruickshank11@outlook.com.be,A_Cruickshank11@hotmail.com.be
FAN-9901729,Samuell,Mendes,Samuell_Mendes@hotmail.com.es,
FAN-9910621,Samuell,Flatt,Samuell.Flatt@mail.com.ar,
FAN-9913759,Sam,Rigeby,SRigeby143@apple.com,
FAN-9915193,Samuel,Dethloff,Samuel_Dethloff@gmail.com,
FAN-9915318,Sofia,Burg,Sofia_Burg@gmail.com,
FAN-9925460,Sofia,Gee,Sofia_Gee@gmail.com,
FAN-9927994,Sofia,McMakin,SMcMakin229@yahoo.com.ca,
FAN-9951084,Sofia,Bolmann,Sofia_Bolmann@yahoo.com.es,Sofia__Bolmann@hotmail.com.es
FAN-9953546,Guillermo,Pavel,Guillermo_Pavel@yahoo.com,
FAN-9956275,Willem,Sircomb,Willem_Sircomb@hotmail.com,
FAN-9958480,Willem,Aslum,Willem_Aslum@hotmail.com.jp,
FAN-9992068,Willem,Thomann,Willem_Thomann@yahoo.com.ca,Willem__Thomann@hotmail.com.ca